respondent_id,task_id,alternative_id,chosen,Roast,Size,Milk Option,Origin
1,1,1,0,Light,Small,No Milk,Colombia
1,1,2,1,Light,Large,No Milk,Brazil
1,1,3,0,Dark,Medium,No Milk,Ethiopia
1,2,1,0,Light,Small,Whole Milk,Ethiopia
1,2,2,0,Light,Small,Oat Milk,Colombia
1,2,3,1,Light,Medium,Oat Milk,Brazil
1,3,1,0,Light,Large,Oat Milk,Brazil
1,3,2,0,Medium,Small,Whole Milk,Ethiopia
1,3,3,1,Dark,Medium,Whole Milk,Colombia
1,4,1,1,Light,Large,No Milk,Ethiopia
1,4,2,0,Light,Small,Oat Milk,Ethiopia
1,4,3,0,Medium,Small,Oat Milk,Ethiopia
1,5,1,0,Medium,Large,Whole Milk,Brazil
1,5,2,0,Dark,Small,Whole Milk,Brazil
1,5,3,1,Medium,Medium,Oat Milk,Brazil
1,6,1,0,Light,Large,Oat Milk,Colombia
1,6,2,0,Light,Medium,Oat Milk,Ethiopia
1,6,3,1,Dark,Large,Oat Milk,Colombia
1,7,1,0,Medium,Large,Oat Milk,Colombia
1,7,2,1,Light,Large,Whole Milk,Brazil
1,7,3,0,Dark,Medium,Whole Milk,Ethiopia
1,8,1,0,Light,Large,Oat Milk,Colombia
1,8,2,0,Light,Small,Whole Milk,Colombia
1,8,3,1,Medium,Large,No Milk,Ethiopia
1,9,1,1,Medium,Large,Oat Milk,Brazil
1,9,2,0,Light,Large,Whole Milk,Colombia
1,9,3,0,Dark,Medium,Whole Milk,Ethiopia
1,10,1,0,Medium,Small,Oat Milk,Colombia
1,10,2,0,Dark,Medium,Whole Milk,Colombia
1,10,3,1,Light,Large,Oat Milk,Brazil
2,1,1,1,Medium,Medium,No Milk,Colombia
2,1,2,0,Dark,Small,No Milk,Brazil
2,1,3,0,Light,Large,No Milk,Colombia
2,2,1,0,Dark,Small,Oat Milk,Brazil
2,2,2,0,Medium,Small,Whole Milk,Brazil
2,2,3,1,Dark,Medium,Oat Milk,Brazil
2,3,1,1,Medium,Large,Oat Milk,Colombia
2,3,2,0,Light,Medium,No Milk,Brazil
2,3,3,0,Dark,Small,No Milk,Colombia
2,4,1,0,Light,Small,No Milk,Colombia
2,4,2,0,Light,Large,No Milk,Ethiopia
2,4,3,1,Light,Large,No Milk,Brazil
2,5,1,0,Dark,Large,Oat Milk,Colombia
2,5,2,0,Medium,Small,No Milk,Colombia
2,5,3,1,Medium,Medium,Oat Milk,Ethiopia
2,6,1,0,Light,Large,Whole Milk,Brazil
2,6,2,1,Medium,Large,Oat Milk,Colombia
2,6,3,0,Light,Large,Oat Milk,Colombia
2,7,1,0,Medium,Medium,No Milk,Colombia
2,7,2,1,Dark,Small,No Milk,Brazil
2,7,3,0,Light,Small,No Milk,Colombia
2,8,1,0,Medium,Small,Oat Milk,Colombia
2,8,2,0,Light,Medium,Oat Milk,Ethiopia
2,8,3,1,Dark,Large,Whole Milk,Brazil
2,9,1,1,Light,Small,Oat Milk,Colombia
2,9,2,0,Dark,Large,Whole Milk,Colombia
2,9,3,0,Light,Small,Whole Milk,Ethiopia
2,10,1,0,Dark,Small,No Milk,Brazil
2,10,2,1,Light,Small,Whole Milk,Colombia
2,10,3,0,Light,Medium,No Milk,Brazil
3,1,1,0,Medium,Small,Whole Milk,Brazil
3,1,2,1,Medium,Small,No Milk,Ethiopia
3,1,3,0,Dark,Small,No Milk,Brazil
3,2,1,1,Medium,Small,Oat Milk,Colombia
3,2,2,0,Medium,Medium,No Milk,Ethiopia
3,2,3,0,Dark,Medium,Whole Milk,Brazil
3,3,1,0,Dark,Large,Oat Milk,Brazil
3,3,2,0,Light,Medium,No Milk,Colombia
3,3,3,1,Light,Medium,Oat Milk,Brazil
3,4,1,1,Medium,Small,Whole Milk,Brazil
3,4,2,0,Dark,Medium,Oat Milk,Colombia
3,4,3,0,Medium,Medium,No Milk,Colombia
3,5,1,1,Light,Large,Oat Milk,Colombia
3,5,2,0,Dark,Large,Oat Milk,Brazil
3,5,3,0,Light,Large,No Milk,Brazil
3,6,1,0,Medium,Large,Whole Milk,Colombia
3,6,2,1,Light,Medium,Oat Milk,Colombia
3,6,3,0,Light,Large,No Milk,Brazil
3,7,1,0,Dark,Medium,Whole Milk,Brazil
3,7,2,0,Light,Small,No Milk,Ethiopia
3,7,3,1,Dark,Medium,Oat Milk,Brazil
3,8,1,0,Light,Medium,No Milk,Brazil
3,8,2,1,Light,Medium,No Milk,Colombia
3,8,3,0,Medium,Medium,Oat Milk,Colombia
3,9,1,1,Dark,Small,Oat Milk,Ethiopia
3,9,2,0,Light,Medium,Oat Milk,Brazil
3,9,3,0,Dark,Large,Oat Milk,Colombia
3,10,1,0,Medium,Small,Whole Milk,Ethiopia
3,10,2,1,Dark,Medium,Oat Milk,Brazil
3,10,3,0,Medium,Large,Whole Milk,Colombia
4,1,1,1,Medium,Medium,No Milk,Brazil
4,1,2,0,Dark,Medium,Whole Milk,Colombia
4,1,3,0,Medium,Large,Oat Milk,Brazil
4,2,1,0,Medium,Large,Oat Milk,Brazil
4,2,2,1,Medium,Large,Oat Milk,Brazil
4,2,3,0,Light,Large,Whole Milk,Ethiopia
4,3,1,1,Light,Medium,Oat Milk,Colombia
4,3,2,0,Dark,Large,Whole Milk,Ethiopia
4,3,3,0,Medium,Large,No Milk,Brazil
4,4,1,0,Dark,Small,Whole Milk,Colombia
4,4,2,0,Dark,Large,Whole Milk,Ethiopia
4,4,3,1,Light,Large,Oat Milk,Colombia
4,5,1,0,Light,Small,No Milk,Colombia
4,5,2,1,Dark,Small,Oat Milk,Ethiopia
4,5,3,0,Dark,Small,Whole Milk,Brazil
4,6,1,0,Medium,Small,No Milk,Brazil
4,6,2,1,Light,Medium,No Milk,Colombia
4,6,3,0,Dark,Large,Oat Milk,Colombia
4,7,1,1,Light,Medium,No Milk,Ethiopia
4,7,2,0,Dark,Large,Oat Milk,Ethiopia
4,7,3,0,Dark,Large,Oat Milk,Brazil
4,8,1,0,Light,Large,Oat Milk,Ethiopia
4,8,2,0,Light,Large,Oat Milk,Brazil
4,8,3,1,Light,Medium,Oat Milk,Colombia
4,9,1,1,Light,Medium,Oat Milk,Ethiopia
4,9,2,0,Light,Small,No Milk,Colombia
4,9,3,0,Light,Large,No Milk,Colombia
4,10,1,0,Medium,Large,Oat Milk,Ethiopia
4,10,2,0,Medium,Medium,Whole Milk,Brazil
4,10,3,1,Dark,Medium,Oat Milk,Colombia
5,1,1,1,Medium,Medium,Oat Milk,Colombia
5,1,2,0,Dark,Large,Oat Milk,Brazil
5,1,3,0,Medium,Small,Whole Milk,Brazil
5,2,1,0,Medium,Large,Whole Milk,Brazil
5,2,2,0,Dark,Medium,No Milk,Ethiopia
5,2,3,1,Medium,Medium,Oat Milk,Colombia
5,3,1,1,Medium,Medium,Oat Milk,Ethiopia
5,3,2,0,Light,Medium,No Milk,Brazil
5,3,3,0,Medium,Small,Whole Milk,Colombia
5,4,1,0,Dark,Small,No Milk,Colombia
5,4,2,0,Light,Large,No Milk,Colombia
5,4,3,1,Dark,Small,Whole Milk,Colombia
5,5,1,0,Medium,Medium,No Milk,Brazil
5,5,2,1,Dark,Large,No Milk,Colombia
5,5,3,0,Light,Large,No Milk,Ethiopia
5,6,1,0,Medium,Medium,Whole Milk,Colombia
5,6,2,1,Dark,Large,No Milk,Colombia
5,6,3,0,Medium,Large,Whole Milk,Colombia
5,7,1,0,Dark,Small,Oat Milk,Brazil
5,7,2,0,Medium,Small,Whole Milk,Brazil
5,7,3,1,Medium,Medium,No Milk,Ethiopia
5,8,1,0,Dark,Medium,Whole Milk,Colombia
5,8,2,0,Dark,Large,Whole Milk,Ethiopia
5,8,3,1,Dark,Medium,Oat Milk,Ethiopia
5,9,1,1,Dark,Medium,Oat Milk,Colombia
5,9,2,0,Light,Medium,Oat Milk,Colombia
5,9,3,0,Dark,Large,Whole Milk,Ethiopia
5,10,1,0,Medium,Medium,No Milk,Ethiopia
5,10,2,0,Medium,Medium,Oat Milk,Brazil
5,10,3,1,Medium,Large,No Milk,Brazil
6,1,1,0,Light,Medium,Whole Milk,Colombia
6,1,2,0,Dark,Medium,Oat Milk,Brazil
6,1,3,1,Medium,Large,Whole Milk,Ethiopia
6,2,1,1,Medium,Medium,Oat Milk,Ethiopia
6,2,2,0,Dark,Small,Oat Milk,Colombia
6,2,3,0,Dark,Small,No Milk,Colombia
6,3,1,1,Medium,Large,Whole Milk,Brazil
6,3,2,0,Light,Small,Oat Milk,Colombia
6,3,3,0,Medium,Small,Whole Milk,Brazil
6,4,1,0,Light,Small,Whole Milk,Ethiopia
6,4,2,1,Light,Large,Oat Milk,Colombia
6,4,3,0,Dark,Medium,Oat Milk,Ethiopia
6,5,1,0,Light,Small,Oat Milk,Ethiopia
6,5,2,0,Light,Medium,Oat Milk,Colombia
6,5,3,1,Dark,Small,No Milk,Colombia
6,6,1,1,Medium,Small,No Milk,Colombia
6,6,2,0,Medium,Large,Whole Milk,Brazil
6,6,3,0,Dark,Medium,Oat Milk,Ethiopia
6,7,1,0,Dark,Medium,Oat Milk,Brazil
6,7,2,0,Dark,Large,No Milk,Colombia
6,7,3,1,Medium,Large,No Milk,Colombia
6,8,1,0,Dark,Small,No Milk,Colombia
6,8,2,0,Dark,Large,Oat Milk,Ethiopia
6,8,3,1,Medium,Large,Oat Milk,Brazil
6,9,1,1,Light,Large,No Milk,Ethiopia
6,9,2,0,Dark,Large,Whole Milk,Colombia
6,9,3,0,Dark,Small,Whole Milk,Colombia
6,10,1,0,Light,Small,No Milk,Colombia
6,10,2,0,Dark,Large,Whole Milk,Ethiopia
6,10,3,1,Medium,Large,Oat Milk,Brazil
7,1,1,1,Dark,Large,Whole Milk,Colombia
7,1,2,0,Dark,Medium,Whole Milk,Colombia
7,1,3,0,Light,Medium,Whole Milk,Brazil
7,2,1,1,Medium,Small,Whole Milk,Ethiopia
7,2,2,0,Medium,Small,Oat Milk,Ethiopia
7,2,3,0,Medium,Large,No Milk,Colombia
7,3,1,1,Dark,Medium,Oat Milk,Brazil
7,3,2,0,Dark,Small,Oat Milk,Colombia
7,3,3,0,Medium,Small,Oat Milk,Brazil
7,4,1,0,Light,Large,Whole Milk,Ethiopia
7,4,2,1,Light,Large,Oat Milk,Brazil
7,4,3,0,Dark,Medium,No Milk,Colombia
7,5,1,0,Light,Medium,Oat Milk,Brazil
7,5,2,1,Light,Large,Whole Milk,Colombia
7,5,3,0,Medium,Large,No Milk,Brazil
7,6,1,0,Light,Small,Oat Milk,Colombia
7,6,2,0,Light,Medium,Whole Milk,Ethiopia
7,6,3,1,Medium,Medium,Oat Milk,Ethiopia
7,7,1,0,Dark,Small,Oat Milk,Colombia
7,7,2,0,Dark,Large,No Milk,Colombia
7,7,3,1,Medium,Medium,Whole Milk,Ethiopia
7,8,1,1,Medium,Large,Oat Milk,Brazil
7,8,2,0,Dark,Medium,No Milk,Ethiopia
7,8,3,0,Medium,Medium,Whole Milk,Brazil
7,9,1,0,Medium,Small,Whole Milk,Colombia
7,9,2,0,Light,Medium,No Milk,Ethiopia
7,9,3,1,Dark,Medium,Oat Milk,Brazil
7,10,1,0,Dark,Small,Oat Milk,Colombia
7,10,2,0,Dark,Medium,No Milk,Ethiopia
7,10,3,1,Medium,Small,Whole Milk,Colombia
8,1,1,0,Dark,Medium,Oat Milk,Brazil
8,1,2,0,Medium,Large,No Milk,Brazil
8,1,3,1,Dark,Large,Oat Milk,Colombia
8,2,1,0,Medium,Small,Whole Milk,Brazil
8,2,2,1,Medium,Small,Whole Milk,Ethiopia
8,2,3,0,Light,Medium,No Milk,Ethiopia
8,3,1,0,Medium,Small,No Milk,Brazil
8,3,2,0,Dark,Small,No Milk,Colombia
8,3,3,1,Medium,Large,Whole Milk,Colombia
8,4,1,1,Dark,Small,No Milk,Ethiopia
8,4,2,0,Medium,Medium,Whole Milk,Colombia
8,4,3,0,Medium,Medium,Whole Milk,Brazil
8,5,1,0,Medium,Medium,Whole Milk,Ethiopia
8,5,2,1,Medium,Large,Oat Milk,Ethiopia
8,5,3,0,Light,Medium,Oat Milk,Colombia
8,6,1,1,Dark,Medium,Whole Milk,Ethiopia
8,6,2,0,Medium,Small,Whole Milk,Ethiopia
8,6,3,0,Dark,Large,Whole Milk,Colombia
8,7,1,0,Dark,Medium,Oat Milk,Colombia
8,7,2,0,Medium,Small,Whole Milk,Colombia
8,7,3,1,Dark,Large,Whole Milk,Brazil
8,8,1,0,Dark,Small,Whole Milk,Brazil
8,8,2,1,Medium,Small,Whole Milk,Ethiopia
8,8,3,0,Light,Medium,Oat Milk,Brazil
8,9,1,0,Light,Small,Whole Milk,Ethiopia
8,9,2,1,Medium,Small,Oat Milk,Ethiopia
8,9,3,0,Medium,Large,Oat Milk,Colombia
8,10,1,0,Light,Small,No Milk,Brazil
8,10,2,1,Medium,Large,Oat Milk,Colombia
8,10,3,0,Light,Medium,Whole Milk,Colombia
9,1,1,0,Dark,Medium,Whole Milk,Colombia
9,1,2,1,Dark,Medium,Whole Milk,Ethiopia
9,1,3,0,Light,Small,No Milk,Colombia
9,2,1,0,Medium,Small,No Milk,Colombia
9,2,2,0,Light,Medium,Oat Milk,Ethiopia
9,2,3,1,Dark,Large,Whole Milk,Ethiopia
9,3,1,0,Dark,Small,Oat Milk,Brazil
9,3,2,0,Medium,Large,Oat Milk,Ethiopia
9,3,3,1,Medium,Small,Oat Milk,Ethiopia
9,4,1,0,Medium,Small,Whole Milk,Ethiopia
9,4,2,1,Dark,Medium,No Milk,Ethiopia
9,4,3,0,Light,Medium,No Milk,Brazil
9,5,1,1,Dark,Large,No Milk,Colombia
9,5,2,0,Light,Small,Whole Milk,Colombia
9,5,3,0,Dark,Small,Whole Milk,Colombia
9,6,1,0,Light,Medium,No Milk,Brazil
9,6,2,1,Light,Small,Whole Milk,Ethiopia
9,6,3,0,Light,Large,No Milk,Colombia
9,7,1,0,Light,Large,Oat Milk,Colombia
9,7,2,0,Light,Small,Whole Milk,Ethiopia
9,7,3,1,Dark,Small,Oat Milk,Ethiopia
9,8,1,0,Dark,Large,No Milk,Ethiopia
9,8,2,0,Dark,Small,Whole Milk,Brazil
9,8,3,1,Medium,Large,No Milk,Colombia
9,9,1,1,Medium,Medium,Whole Milk,Colombia
9,9,2,0,Medium,Small,No Milk,Ethiopia
9,9,3,0,Light,Small,Oat Milk,Brazil
9,10,1,1,Dark,Large,Oat Milk,Ethiopia
9,10,2,0,Dark,Medium,Oat Milk,Brazil
9,10,3,0,Light,Large,No Milk,Brazil
10,1,1,1,Medium,Medium,Whole Milk,Ethiopia
10,1,2,0,Light,Large,Oat Milk,Colombia
10,1,3,0,Light,Small,Oat Milk,Colombia
10,2,1,0,Medium,Small,Whole Milk,Colombia
10,2,2,1,Dark,Large,Oat Milk,Brazil
10,2,3,0,Medium,Large,Oat Milk,Brazil
10,3,1,0,Medium,Large,Oat Milk,Ethiopia
10,3,2,1,Dark,Small,No Milk,Brazil
10,3,3,0,Light,Medium,Whole Milk,Ethiopia
10,4,1,0,Medium,Large,No Milk,Ethiopia
10,4,2,1,Dark,Large,Whole Milk,Brazil
10,4,3,0,Dark,Large,Whole Milk,Ethiopia
10,5,1,0,Medium,Large,Oat Milk,Ethiopia
10,5,2,0,Light,Small,Whole Milk,Brazil
10,5,3,1,Light,Large,Whole Milk,Colombia
10,6,1,0,Dark,Small,Oat Milk,Ethiopia
10,6,2,0,Light,Medium,Oat Milk,Brazil
10,6,3,1,Dark,Large,No Milk,Colombia
10,7,1,0,Dark,Small,Whole Milk,Colombia
10,7,2,1,Dark,Medium,Oat Milk,Brazil
10,7,3,0,Medium,Small,Whole Milk,Colombia
10,8,1,0,Light,Medium,Whole Milk,Brazil
10,8,2,1,Dark,Large,Oat Milk,Colombia
10,8,3,0,Dark,Small,No Milk,Colombia
10,9,1,0,Light,Small,Oat Milk,Ethiopia
10,9,2,0,Light,Medium,Whole Milk,Ethiopia
10,9,3,1,Medium,Large,Whole Milk,Colombia
10,10,1,1,Dark,Medium,No Milk,Ethiopia
10,10,2,0,Light,Medium,No Milk,Ethiopia
10,10,3,0,Medium,Large,Oat Milk,Brazil
11,1,1,0,Medium,Small,No Milk,Ethiopia
11,1,2,1,Dark,Small,Oat Milk,Ethiopia
11,1,3,0,Light,Medium,No Milk,Colombia
11,2,1,1,Light,Large,Whole Milk,Colombia
11,2,2,0,Medium,Medium,Whole Milk,Brazil
11,2,3,0,Light,Small,No Milk,Ethiopia
11,3,1,0,Dark,Small,Whole Milk,Colombia
11,3,2,1,Dark,Medium,Oat Milk,Brazil
11,3,3,0,Medium,Large,Whole Milk,Brazil
11,4,1,0,Dark,Medium,Whole Milk,Ethiopia
11,4,2,0,Light,Medium,Oat Milk,Brazil
11,4,3,1,Medium,Large,No Milk,Ethiopia
11,5,1,0,Medium,Medium,Oat Milk,Colombia
11,5,2,0,Medium,Small,Whole Milk,Colombia
11,5,3,1,Dark,Medium,Oat Milk,Brazil
11,6,1,0,Dark,Small,Oat Milk,Brazil
11,6,2,0,Medium,Large,Oat Milk,Brazil
11,6,3,1,Light,Medium,No Milk,Ethiopia
11,7,1,0,Light,Large,Whole Milk,Colombia
11,7,2,1,Dark,Medium,Oat Milk,Brazil
11,7,3,0,Light,Medium,Oat Milk,Ethiopia
11,8,1,0,Medium,Large,Whole Milk,Colombia
11,8,2,0,Dark,Medium,No Milk,Ethiopia
11,8,3,1,Dark,Medium,Oat Milk,Ethiopia
11,9,1,0,Dark,Large,No Milk,Ethiopia
11,9,2,1,Dark,Small,Oat Milk,Ethiopia
11,9,3,0,Dark,Large,Oat Milk,Colombia
11,10,1,0,Light,Medium,Whole Milk,Ethiopia
11,10,2,0,Medium,Small,Whole Milk,Brazil
11,10,3,1,Dark,Large,Whole Milk,Colombia
12,1,1,1,Light,Medium,No Milk,Brazil
12,1,2,0,Dark,Large,No Milk,Brazil
12,1,3,0,Dark,Small,Whole Milk,Ethiopia
12,2,1,0,Light,Large,Whole Milk,Colombia
12,2,2,0,Light,Medium,Oat Milk,Brazil
12,2,3,1,Medium,Large,Oat Milk,Brazil
12,3,1,0,Light,Large,No Milk,Ethiopia
12,3,2,1,Medium,Small,Oat Milk,Brazil
12,3,3,0,Medium,Medium,Oat Milk,Ethiopia
12,4,1,0,Medium,Small,No Milk,Brazil
12,4,2,1,Medium,Small,Whole Milk,Ethiopia
12,4,3,0,Dark,Small,Whole Milk,Brazil
12,5,1,0,Medium,Small,No Milk,Ethiopia
12,5,2,1,Dark,Small,Oat Milk,Colombia
12,5,3,0,Light,Medium,Oat Milk,Colombia
12,6,1,0,Medium,Large,Oat Milk,Colombia
12,6,2,0,Light,Medium,No Milk,Colombia
12,6,3,1,Light,Large,Whole Milk,Ethiopia
12,7,1,1,Light,Small,Oat Milk,Ethiopia
12,7,2,0,Light,Large,Oat Milk,Ethiopia
12,7,3,0,Light,Small,Oat Milk,Colombia
12,8,1,0,Dark,Large,Whole Milk,Brazil
12,8,2,1,Medium,Small,Oat Milk,Colombia
12,8,3,0,Medium,Large,Whole Milk,Ethiopia
12,9,1,0,Medium,Large,Whole Milk,Colombia
12,9,2,0,Dark,Small,Whole Milk,Colombia
12,9,3,1,Light,Large,Oat Milk,Colombia
12,10,1,0,Light,Large,Whole Milk,Colombia
12,10,2,0,Medium,Small,Whole Milk,Brazil
12,10,3,1,Dark,Large,No Milk,Ethiopia
13,1,1,0,Dark,Large,Oat Milk,Colombia
13,1,2,1,Dark,Medium,Whole Milk,Colombia
13,1,3,0,Dark,Medium,Whole Milk,Ethiopia
13,2,1,0,Light,Small,Whole Milk,Ethiopia
13,2,2,0,Light,Small,No Milk,Colombia
13,2,3,1,Medium,Large,Oat Milk,Brazil
13,3,1,0,Light,Large,No Milk,Ethiopia
13,3,2,0,Light,Large,Oat Milk,Ethiopia
13,3,3,1,Medium,Medium,Oat Milk,Brazil
13,4,1,0,Medium,Medium,No Milk,Ethiopia
13,4,2,1,Medium,Large,Oat Milk,Colombia
13,4,3,0,Light,Medium,Whole Milk,Colombia
13,5,1,0,Medium,Small,No Milk,Ethiopia
13,5,2,1,Medium,Medium,Whole Milk,Brazil
13,5,3,0,Dark,Medium,Oat Milk,Ethiopia
13,6,1,0,Medium,Large,Oat Milk,Ethiopia
13,6,2,0,Light,Small,Whole Milk,Brazil
13,6,3,1,Dark,Large,Whole Milk,Colombia
13,7,1,0,Light,Large,Whole Milk,Ethiopia
13,7,2,0,Light,Small,Whole Milk,Ethiopia
13,7,3,1,Dark,Small,Whole Milk,Colombia
13,8,1,0,Medium,Medium,Oat Milk,Colombia
13,8,2,1,Dark,Medium,Oat Milk,Ethiopia
13,8,3,0,Light,Small,No Milk,Brazil
13,9,1,0,Dark,Medium,Whole Milk,Colombia
13,9,2,1,Medium,Large,Oat Milk,Colombia
13,9,3,0,Medium,Large,Oat Milk,Colombia
13,10,1,0,Light,Medium,No Milk,Brazil
13,10,2,0,Light,Large,Oat Milk,Brazil
13,10,3,1,Light,Large,Whole Milk,Ethiopia
14,1,1,0,Medium,Small,Oat Milk,Brazil
14,1,2,1,Medium,Large,No Milk,Brazil
14,1,3,0,Light,Medium,Oat Milk,Brazil
14,2,1,0,Dark,Medium,Oat Milk,Brazil
14,2,2,0,Medium,Large,No Milk,Ethiopia
14,2,3,1,Dark,Medium,No Milk,Brazil
14,3,1,1,Light,Small,Oat Milk,Brazil
14,3,2,0,Light,Small,Whole Milk,Colombia
14,3,3,0,Light,Medium,Whole Milk,Colombia
14,4,1,0,Dark,Medium,No Milk,Ethiopia
14,4,2,1,Dark,Medium,No Milk,Brazil
14,4,3,0,Dark,Small,Whole Milk,Brazil
14,5,1,0,Dark,Small,No Milk,Brazil
14,5,2,1,Dark,Medium,Whole Milk,Colombia
14,5,3,0,Light,Small,No Milk,Brazil
14,6,1,0,Medium,Large,No Milk,Brazil
14,6,2,0,Dark,Small,Oat Milk,Brazil
14,6,3,1,Dark,Medium,Oat Milk,Colombia
14,7,1,0,Dark,Medium,Oat Milk,Ethiopia
14,7,2,0,Light,Small,Oat Milk,Ethiopia
14,7,3,1,Light,Medium,Whole Milk,Colombia
14,8,1,1,Dark,Medium,Whole Milk,Ethiopia
14,8,2,0,Light,Medium,Whole Milk,Brazil
14,8,3,0,Light,Medium,No Milk,Ethiopia
14,9,1,1,Light,Small,No Milk,Ethiopia
14,9,2,0,Dark,Medium,No Milk,Colombia
14,9,3,0,Dark,Large,Oat Milk,Colombia
14,10,1,1,Medium,Large,Oat Milk,Ethiopia
14,10,2,0,Medium,Small,No Milk,Ethiopia
14,10,3,0,Light,Small,Whole Milk,Ethiopia
15,1,1,0,Medium,Medium,Oat Milk,Colombia
15,1,2,0,Dark,Large,No Milk,Ethiopia
15,1,3,1,Light,Medium,Whole Milk,Ethiopia
15,2,1,0,Medium,Large,Whole Milk,Brazil
15,2,2,1,Light,Medium,Oat Milk,Ethiopia
15,2,3,0,Medium,Small,No Milk,Brazil
15,3,1,0,Dark,Small,No Milk,Colombia
15,3,2,1,Medium,Medium,Whole Milk,Ethiopia
15,3,3,0,Dark,Small,Oat Milk,Brazil
15,4,1,1,Medium,Large,Whole Milk,Ethiopia
15,4,2,0,Dark,Large,Whole Milk,Ethiopia
15,4,3,0,Medium,Medium,No Milk,Ethiopia
15,5,1,1,Light,Medium,Whole Milk,Ethiopia
15,5,2,0,Dark,Large,Whole Milk,Colombia
15,5,3,0,Medium,Large,Whole Milk,Brazil
15,6,1,0,Light,Large,Oat Milk,Colombia
15,6,2,1,Dark,Large,Oat Milk,Colombia
15,6,3,0,Light,Small,Whole Milk,Brazil
15,7,1,0,Light,Medium,Oat Milk,Ethiopia
15,7,2,0,Dark,Small,Oat Milk,Brazil
15,7,3,1,Medium,Large,Whole Milk,Colombia
15,8,1,1,Dark,Small,Whole Milk,Ethiopia
15,8,2,0,Medium,Large,Oat Milk,Ethiopia
15,8,3,0,Medium,Large,Oat Milk,Brazil
15,9,1,1,Dark,Large,Whole Milk,Brazil
15,9,2,0,Medium,Small,No Milk,Ethiopia
15,9,3,0,Light,Medium,Oat Milk,Brazil
15,10,1,0,Dark,Medium,Oat Milk,Ethiopia
15,10,2,0,Dark,Medium,Oat Milk,Colombia
15,10,3,1,Dark,Medium,Oat Milk,Ethiopia
16,1,1,1,Dark,Medium,Whole Milk,Brazil
16,1,2,0,Light,Large,Whole Milk,Brazil
16,1,3,0,Light,Large,Whole Milk,Colombia
16,2,1,0,Light,Small,Oat Milk,Ethiopia
16,2,2,1,Light,Large,No Milk,Colombia
16,2,3,0,Light,Medium,Whole Milk,Ethiopia
16,3,1,0,Light,Medium,Oat Milk,Ethiopia
16,3,2,0,Light,Large,Whole Milk,Colombia
16,3,3,1,Dark,Small,No Milk,Ethiopia
16,4,1,0,Light,Small,Oat Milk,Ethiopia
16,4,2,1,Dark,Medium,No Milk,Colombia
16,4,3,0,Dark,Small,Oat Milk,Ethiopia
16,5,1,1,Dark,Large,Whole Milk,Ethiopia
16,5,2,0,Light,Large,Oat Milk,Ethiopia
16,5,3,0,Light,Medium,No Milk,Brazil
16,6,1,1,Medium,Large,No Milk,Colombia
16,6,2,0,Medium,Large,Whole Milk,Colombia
16,6,3,0,Dark,Medium,Oat Milk,Brazil
16,7,1,1,Medium,Large,No Milk,Colombia
16,7,2,0,Medium,Medium,No Milk,Colombia
16,7,3,0,Light,Medium,Oat Milk,Ethiopia
16,8,1,1,Dark,Large,No Milk,Ethiopia
16,8,2,0,Dark,Small,No Milk,Brazil
16,8,3,0,Medium,Small,Oat Milk,Brazil
16,9,1,1,Dark,Medium,Whole Milk,Colombia
16,9,2,0,Medium,Medium,Whole Milk,Colombia
16,9,3,0,Light,Medium,No Milk,Ethiopia
16,10,1,0,Dark,Medium,Oat Milk,Brazil
16,10,2,0,Medium,Large,Whole Milk,Colombia
16,10,3,1,Dark,Large,No Milk,Brazil
17,1,1,0,Dark,Medium,No Milk,Brazil
17,1,2,1,Dark,Medium,No Milk,Brazil
17,1,3,0,Light,Medium,No Milk,Brazil
17,2,1,1,Dark,Small,Whole Milk,Ethiopia
17,2,2,0,Medium,Large,No Milk,Ethiopia
17,2,3,0,Light,Large,No Milk,Brazil
17,3,1,1,Medium,Medium,Whole Milk,Colombia
17,3,2,0,Light,Small,Oat Milk,Colombia
17,3,3,0,Light,Small,Whole Milk,Brazil
17,4,1,0,Medium,Medium,Oat Milk,Ethiopia
17,4,2,1,Medium,Medium,No Milk,Brazil
17,4,3,0,Dark,Small,Whole Milk,Ethiopia
17,5,1,1,Dark,Medium,Whole Milk,Colombia
17,5,2,0,Light,Small,No Milk,Ethiopia
17,5,3,0,Dark,Large,Oat Milk,Brazil
17,6,1,0,Light,Small,Oat Milk,Ethiopia
17,6,2,1,Light,Large,No Milk,Colombia
17,6,3,0,Medium,Large,No Milk,Colombia
17,7,1,1,Light,Large,No Milk,Ethiopia
17,7,2,0,Dark,Small,No Milk,Brazil
17,7,3,0,Medium,Small,Whole Milk,Colombia
17,8,1,0,Light,Small,Whole Milk,Ethiopia
17,8,2,0,Dark,Large,Oat Milk,Brazil
17,8,3,1,Dark,Medium,No Milk,Ethiopia
17,9,1,0,Dark,Large,No Milk,Ethiopia
17,9,2,1,Light,Large,Whole Milk,Brazil
17,9,3,0,Dark,Large,Oat Milk,Brazil
17,10,1,1,Medium,Large,Whole Milk,Ethiopia
17,10,2,0,Medium,Large,Oat Milk,Ethiopia
17,10,3,0,Medium,Small,Whole Milk,Ethiopia
18,1,1,0,Medium,Small,Oat Milk,Brazil
18,1,2,1,Medium,Medium,No Milk,Brazil
18,1,3,0,Light,Small,Oat Milk,Ethiopia
18,2,1,0,Dark,Small,No Milk,Colombia
18,2,2,1,Dark,Large,Whole Milk,Brazil
18,2,3,0,Light,Medium,Oat Milk,Colombia
18,3,1,1,Light,Large,No Milk,Brazil
18,3,2,0,Medium,Small,Whole Milk,Brazil
18,3,3,0,Medium,Small,Whole Milk,Ethiopia
18,4,1,0,Medium,Medium,Whole Milk,Brazil
18,4,2,1,Medium,Medium,Whole Milk,Ethiopia
18,4,3,0,Dark,Medium,Oat Milk,Colombia
18,5,1,1,Medium,Small,Whole Milk,Colombia
18,5,2,0,Light,Medium,Whole Milk,Brazil
18,5,3,0,Medium,Medium,No Milk,Colombia
18,6,1,0,Medium,Large,No Milk,Ethiopia
18,6,2,1,Dark,Medium,Oat Milk,Ethiopia
18,6,3,0,Dark,Large,Oat Milk,Ethiopia
18,7,1,0,Medium,Small,No Milk,Brazil
18,7,2,1,Light,Large,Whole Milk,Colombia
18,7,3,0,Light,Large,No Milk,Colombia
18,8,1,0,Dark,Small,No Milk,Brazil
18,8,2,0,Light,Large,Oat Milk,Ethiopia
18,8,3,1,Dark,Large,Whole Milk,Ethiopia
18,9,1,0,Light,Small,Whole Milk,Brazil
18,9,2,0,Light,Large,Whole Milk,Ethiopia
18,9,3,1,Medium,Small,Whole Milk,Brazil
18,10,1,0,Light,Small,No Milk,Brazil
18,10,2,0,Light,Large,Whole Milk,Ethiopia
18,10,3,1,Medium,Medium,No Milk,Ethiopia
19,1,1,0,Medium,Medium,Oat Milk,Brazil
19,1,2,0,Dark,Small,Whole Milk,Colombia
19,1,3,1,Medium,Large,Oat Milk,Brazil
19,2,1,0,Light,Large,No Milk,Colombia
19,2,2,0,Dark,Large,Oat Milk,Ethiopia
19,2,3,1,Light,Large,Oat Milk,Brazil
19,3,1,1,Light,Small,Oat Milk,Colombia
19,3,2,0,Dark,Small,Whole Milk,Ethiopia
19,3,3,0,Medium,Small,Whole Milk,Colombia
19,4,1,1,Medium,Large,Whole Milk,Ethiopia
19,4,2,0,Dark,Small,Whole Milk,Brazil
19,4,3,0,Dark,Medium,No Milk,Colombia
19,5,1,1,Light,Medium,Whole Milk,Brazil
19,5,2,0,Medium,Medium,No Milk,Brazil
19,5,3,0,Medium,Medium,No Milk,Ethiopia
19,6,1,0,Medium,Medium,No Milk,Brazil
19,6,2,1,Medium,Small,Whole Milk,Ethiopia
19,6,3,0,Dark,Small,No Milk,Ethiopia
19,7,1,0,Dark,Large,No Milk,Brazil
19,7,2,1,Medium,Small,No Milk,Colombia
19,7,3,0,Medium,Medium,Oat Milk,Colombia
19,8,1,0,Light,Medium,Oat Milk,Brazil
19,8,2,0,Medium,Small,No Milk,Colombia
19,8,3,1,Light,Large,Whole Milk,Ethiopia
19,9,1,1,Light,Medium,Oat Milk,Ethiopia
19,9,2,0,Dark,Large,No Milk,Brazil
19,9,3,0,Dark,Medium,No Milk,Colombia
19,10,1,0,Medium,Medium,No Milk,Colombia
19,10,2,1,Medium,Medium,Oat Milk,Ethiopia
19,10,3,0,Medium,Medium,No Milk,Brazil
20,1,1,0,Medium,Medium,Whole Milk,Brazil
20,1,2,0,Medium,Large,Whole Milk,Colombia
20,1,3,1,Light,Medium,Oat Milk,Ethiopia
20,2,1,0,Dark,Medium,Whole Milk,Colombia
20,2,2,1,Medium,Medium,Oat Milk,Colombia
20,2,3,0,Light,Large,Whole Milk,Colombia
20,3,1,1,Dark,Small,Whole Milk,Ethiopia
20,3,2,0,Light,Medium,Oat Milk,Brazil
20,3,3,0,Medium,Large,Oat Milk,Colombia
20,4,1,0,Light,Medium,Whole Milk,Colombia
20,4,2,1,Medium,Small,Oat Milk,Brazil
20,4,3,0,Medium,Large,Whole Milk,Brazil
20,5,1,0,Light,Medium,Whole Milk,Brazil
20,5,2,0,Light,Small,No Milk,Brazil
20,5,3,1,Light,Large,Whole Milk,Colombia
20,6,1,1,Dark,Large,Whole Milk,Ethiopia
20,6,2,0,Medium,Medium,No Milk,Colombia
20,6,3,0,Light,Large,Whole Milk,Brazil
20,7,1,1,Dark,Large,No Milk,Ethiopia
20,7,2,0,Medium,Large,Whole Milk,Brazil
20,7,3,0,Medium,Small,Oat Milk,Colombia
20,8,1,0,Light,Small,Whole Milk,Colombia
20,8,2,0,Medium,Medium,No Milk,Brazil
20,8,3,1,Medium,Small,Oat Milk,Brazil
20,9,1,1,Medium,Small,Oat Milk,Colombia
20,9,2,0,Light,Small,Oat Milk,Brazil
20,9,3,0,Light,Large,No Milk,Brazil
20,10,1,1,Light,Medium,Whole Milk,Ethiopia
20,10,2,0,Light,Medium,Whole Milk,Colombia
20,10,3,0,Dark,Medium,Oat Milk,Colombia
21,1,1,0,Dark,Small,Oat Milk,Ethiopia
21,1,2,0,Light,Medium,Whole Milk,Ethiopia
21,1,3,1,Dark,Medium,Whole Milk,Ethiopia
21,2,1,0,Dark,Small,Oat Milk,Ethiopia
21,2,2,1,Dark,Small,Whole Milk,Brazil
21,2,3,0,Dark,Large,No Milk,Brazil
21,3,1,0,Light,Small,Oat Milk,Colombia
21,3,2,1,Dark,Small,Whole Milk,Ethiopia
21,3,3,0,Light,Large,Oat Milk,Ethiopia
21,4,1,1,Dark,Large,Whole Milk,Brazil
21,4,2,0,Light,Large,No Milk,Ethiopia
21,4,3,0,Light,Medium,Oat Milk,Brazil
21,5,1,0,Medium,Small,Oat Milk,Colombia
21,5,2,0,Medium,Large,Whole Milk,Brazil
21,5,3,1,Dark,Medium,Oat Milk,Brazil
21,6,1,0,Medium,Small,No Milk,Brazil
21,6,2,1,Light,Medium,No Milk,Ethiopia
21,6,3,0,Medium,Small,Oat Milk,Brazil
21,7,1,1,Medium,Large,Whole Milk,Colombia
21,7,2,0,Medium,Large,Oat Milk,Brazil
21,7,3,0,Light,Large,Oat Milk,Brazil
21,8,1,1,Medium,Small,Whole Milk,Brazil
21,8,2,0,Medium,Small,Oat Milk,Ethiopia
21,8,3,0,Light,Medium,No Milk,Colombia
21,9,1,1,Dark,Large,Whole Milk,Ethiopia
21,9,2,0,Dark,Large,Oat Milk,Colombia
21,9,3,0,Light,Small,No Milk,Brazil
21,10,1,0,Medium,Large,Whole Milk,Colombia
21,10,2,0,Dark,Medium,Oat Milk,Brazil
21,10,3,1,Dark,Large,No Milk,Colombia
22,1,1,0,Dark,Medium,Oat Milk,Colombia
22,1,2,1,Medium,Large,Oat Milk,Ethiopia
22,1,3,0,Dark,Small,Oat Milk,Brazil
22,2,1,0,Dark,Medium,Oat Milk,Ethiopia
22,2,2,1,Light,Large,No Milk,Brazil
22,2,3,0,Dark,Large,Whole Milk,Ethiopia
22,3,1,1,Dark,Medium,No Milk,Ethiopia
22,3,2,0,Medium,Medium,Oat Milk,Ethiopia
22,3,3,0,Dark,Small,Whole Milk,Ethiopia
22,4,1,0,Dark,Small,No Milk,Colombia
22,4,2,0,Medium,Small,No Milk,Colombia
22,4,3,1,Light,Medium,No Milk,Brazil
22,5,1,0,Dark,Medium,No Milk,Ethiopia
22,5,2,1,Medium,Medium,No Milk,Ethiopia
22,5,3,0,Dark,Small,No Milk,Ethiopia
22,6,1,1,Dark,Large,No Milk,Ethiopia
22,6,2,0,Dark,Small,No Milk,Colombia
22,6,3,0,Light,Large,No Milk,Brazil
22,7,1,0,Light,Small,Whole Milk,Ethiopia
22,7,2,1,Medium,Large,No Milk,Ethiopia
22,7,3,0,Medium,Small,Whole Milk,Colombia
22,8,1,1,Medium,Medium,No Milk,Ethiopia
22,8,2,0,Light,Large,Whole Milk,Colombia
22,8,3,0,Dark,Small,Whole Milk,Brazil
22,9,1,0,Medium,Large,No Milk,Brazil
22,9,2,1,Medium,Large,Whole Milk,Ethiopia
22,9,3,0,Light,Small,No Milk,Colombia
22,10,1,1,Medium,Medium,Oat Milk,Ethiopia
22,10,2,0,Light,Medium,Whole Milk,Colombia
22,10,3,0,Dark,Large,Whole Milk,Brazil
23,1,1,0,Light,Medium,Oat Milk,Colombia
23,1,2,1,Dark,Large,No Milk,Brazil
23,1,3,0,Light,Medium,Oat Milk,Colombia
23,2,1,0,Dark,Medium,Oat Milk,Brazil
23,2,2,0,Medium,Small,No Milk,Brazil
23,2,3,1,Medium,Small,No Milk,Colombia
23,3,1,1,Medium,Large,Oat Milk,Brazil
23,3,2,0,Medium,Medium,Whole Milk,Ethiopia
23,3,3,0,Dark,Large,Whole Milk,Colombia
23,4,1,1,Medium,Small,Whole Milk,Colombia
23,4,2,0,Light,Large,Oat Milk,Ethiopia
23,4,3,0,Dark,Large,Whole Milk,Colombia
23,5,1,0,Medium,Large,No Milk,Colombia
23,5,2,0,Medium,Small,Oat Milk,Brazil
23,5,3,1,Medium,Large,Whole Milk,Brazil
23,6,1,1,Light,Small,Whole Milk,Colombia
23,6,2,0,Light,Medium,Oat Milk,Brazil
23,6,3,0,Dark,Medium,No Milk,Ethiopia
23,7,1,0,Medium,Large,No Milk,Colombia
23,7,2,1,Medium,Medium,Whole Milk,Colombia
23,7,3,0,Dark,Large,No Milk,Ethiopia
23,8,1,0,Medium,Small,Oat Milk,Brazil
23,8,2,1,Light,Medium,No Milk,Brazil
23,8,3,0,Light,Small,Whole Milk,Brazil
23,9,1,0,Light,Small,No Milk,Ethiopia
23,9,2,1,Light,Small,No Milk,Brazil
23,9,3,0,Dark,Large,Whole Milk,Ethiopia
23,10,1,0,Light,Medium,Whole Milk,Ethiopia
23,10,2,0,Light,Large,Oat Milk,Colombia
23,10,3,1,Light,Small,No Milk,Brazil
24,1,1,0,Dark,Medium,Whole Milk,Brazil
24,1,2,0,Medium,Large,Oat Milk,Colombia
24,1,3,1,Dark,Small,No Milk,Colombia
24,2,1,0,Light,Small,Whole Milk,Ethiopia
24,2,2,0,Dark,Small,Oat Milk,Colombia
24,2,3,1,Medium,Large,Whole Milk,Ethiopia
24,3,1,1,Dark,Small,Oat Milk,Ethiopia
24,3,2,0,Light,Large,Oat Milk,Colombia
24,3,3,0,Light,Large,Oat Milk,Brazil
24,4,1,0,Medium,Large,No Milk,Brazil
24,4,2,0,Light,Large,Oat Milk,Colombia
24,4,3,1,Light,Medium,Whole Milk,Colombia
24,5,1,1,Medium,Medium,Oat Milk,Brazil
24,5,2,0,Medium,Medium,Oat Milk,Ethiopia
24,5,3,0,Light,Small,Whole Milk,Colombia
24,6,1,0,Light,Medium,Oat Milk,Ethiopia
24,6,2,0,Dark,Medium,No Milk,Ethiopia
24,6,3,1,Medium,Small,No Milk,Colombia
24,7,1,0,Medium,Large,Whole Milk,Brazil
24,7,2,0,Medium,Small,No Milk,Brazil
24,7,3,1,Medium,Medium,Whole Milk,Colombia
24,8,1,1,Medium,Small,No Milk,Ethiopia
24,8,2,0,Dark,Large,Whole Milk,Colombia
24,8,3,0,Light,Small,No Milk,Colombia
24,9,1,0,Light,Small,No Milk,Ethiopia
24,9,2,1,Dark,Large,No Milk,Brazil
24,9,3,0,Light,Small,No Milk,Colombia
24,10,1,0,Medium,Small,No Milk,Ethiopia
24,10,2,1,Medium,Small,No Milk,Brazil
24,10,3,0,Dark,Medium,Oat Milk,Colombia
25,1,1,0,Medium,Medium,Whole Milk,Ethiopia
25,1,2,0,Medium,Medium,No Milk,Ethiopia
25,1,3,1,Dark,Small,Whole Milk,Brazil
25,2,1,1,Medium,Large,Oat Milk,Ethiopia
25,2,2,0,Medium,Medium,Whole Milk,Brazil
25,2,3,0,Medium,Small,No Milk,Ethiopia
25,3,1,1,Light,Medium,No Milk,Ethiopia
25,3,2,0,Dark,Small,No Milk,Colombia
25,3,3,0,Light,Medium,Whole Milk,Brazil
25,4,1,1,Light,Large,Oat Milk,Ethiopia
25,4,2,0,Light,Small,No Milk,Brazil
25,4,3,0,Dark,Large,Oat Milk,Brazil
25,5,1,0,Dark,Medium,Whole Milk,Brazil
25,5,2,1,Light,Medium,Whole Milk,Ethiopia
25,5,3,0,Light,Small,No Milk,Colombia
25,6,1,0,Light,Large,Oat Milk,Colombia
25,6,2,1,Dark,Small,No Milk,Ethiopia
25,6,3,0,Medium,Small,No Milk,Colombia
25,7,1,0,Light,Small,Whole Milk,Ethiopia
25,7,2,0,Medium,Large,Whole Milk,Ethiopia
25,7,3,1,Medium,Medium,Oat Milk,Colombia
25,8,1,1,Dark,Medium,Whole Milk,Ethiopia
25,8,2,0,Light,Large,Whole Milk,Brazil
25,8,3,0,Dark,Medium,No Milk,Brazil
25,9,1,1,Light,Medium,Oat Milk,Brazil
25,9,2,0,Light,Small,Whole Milk,Colombia
25,9,3,0,Dark,Medium,Whole Milk,Colombia
25,10,1,0,Medium,Large,No Milk,Brazil
25,10,2,0,Medium,Small,Oat Milk,Brazil
25,10,3,1,Medium,Medium,No Milk,Brazil
26,1,1,0,Light,Large,No Milk,Colombia
26,1,2,0,Dark,Medium,No Milk,Ethiopia
26,1,3,1,Medium,Medium,Whole Milk,Ethiopia
26,2,1,1,Medium,Large,Whole Milk,Brazil
26,2,2,0,Medium,Small,No Milk,Ethiopia
26,2,3,0,Medium,Small,No Milk,Ethiopia
26,3,1,0,Medium,Small,Whole Milk,Colombia
26,3,2,1,Light,Medium,Whole Milk,Brazil
26,3,3,0,Dark,Small,Oat Milk,Brazil
26,4,1,0,Medium,Small,No Milk,Colombia
26,4,2,1,Light,Medium,Whole Milk,Brazil
26,4,3,0,Dark,Large,Oat Milk,Brazil
26,5,1,0,Light,Small,No Milk,Ethiopia
26,5,2,0,Medium,Small,No Milk,Ethiopia
26,5,3,1,Light,Medium,Whole Milk,Brazil
26,6,1,0,Light,Small,No Milk,Colombia
26,6,2,0,Medium,Small,Oat Milk,Colombia
26,6,3,1,Medium,Medium,Oat Milk,Brazil
26,7,1,0,Dark,Large,Oat Milk,Colombia
26,7,2,0,Medium,Medium,No Milk,Ethiopia
26,7,3,1,Medium,Medium,Oat Milk,Colombia
26,8,1,0,Dark,Small,No Milk,Brazil
26,8,2,0,Light,Large,Oat Milk,Brazil
26,8,3,1,Dark,Small,Whole Milk,Colombia
26,9,1,1,Dark,Medium,Whole Milk,Brazil
26,9,2,0,Medium,Large,No Milk,Ethiopia
26,9,3,0,Medium,Large,No Milk,Brazil
26,10,1,0,Dark,Large,Whole Milk,Brazil
26,10,2,0,Medium,Small,No Milk,Colombia
26,10,3,1,Light,Small,Oat Milk,Colombia
27,1,1,1,Medium,Large,Oat Milk,Ethiopia
27,1,2,0,Light,Large,Whole Milk,Brazil
27,1,3,0,Medium,Small,Oat Milk,Colombia
27,2,1,0,Dark,Large,No Milk,Colombia
27,2,2,1,Light,Medium,Whole Milk,Ethiopia
27,2,3,0,Medium,Medium,Whole Milk,Ethiopia
27,3,1,1,Medium,Small,No Milk,Ethiopia
27,3,2,0,Dark,Large,Whole Milk,Brazil
27,3,3,0,Medium,Medium,Whole Milk,Colombia
27,4,1,0,Medium,Medium,Oat Milk,Colombia
27,4,2,1,Medium,Medium,Oat Milk,Ethiopia
27,4,3,0,Dark,Small,No Milk,Colombia
27,5,1,1,Dark,Medium,Oat Milk,Ethiopia
27,5,2,0,Dark,Large,No Milk,Colombia
27,5,3,0,Medium,Large,Oat Milk,Brazil
27,6,1,0,Light,Large,No Milk,Colombia
27,6,2,1,Dark,Medium,No Milk,Brazil
27,6,3,0,Light,Small,No Milk,Colombia
27,7,1,0,Light,Small,Oat Milk,Colombia
27,7,2,1,Dark,Small,Oat Milk,Ethiopia
27,7,3,0,Dark,Medium,Whole Milk,Colombia
27,8,1,1,Light,Medium,Oat Milk,Brazil
27,8,2,0,Medium,Large,Whole Milk,Ethiopia
27,8,3,0,Medium,Large,Whole Milk,Colombia
27,9,1,1,Medium,Small,No Milk,Brazil
27,9,2,0,Light,Small,Whole Milk,Colombia
27,9,3,0,Medium,Large,Oat Milk,Brazil
27,10,1,1,Dark,Small,Oat Milk,Colombia
27,10,2,0,Dark,Small,No Milk,Ethiopia
27,10,3,0,Medium,Large,Whole Milk,Brazil
28,1,1,0,Dark,Medium,Whole Milk,Brazil
28,1,2,0,Medium,Medium,Whole Milk,Colombia
28,1,3,1,Medium,Medium,Whole Milk,Ethiopia
28,2,1,0,Medium,Large,Whole Milk,Brazil
28,2,2,0,Light,Large,No Milk,Colombia
28,2,3,1,Dark,Medium,Whole Milk,Ethiopia
28,3,1,1,Dark,Small,Whole Milk,Ethiopia
28,3,2,0,Medium,Medium,Oat Milk,Ethiopia
28,3,3,0,Dark,Large,Whole Milk,Colombia
28,4,1,1,Dark,Small,Whole Milk,Brazil
28,4,2,0,Medium,Large,Oat Milk,Brazil
28,4,3,0,Light,Large,Whole Milk,Colombia
28,5,1,0,Medium,Small,Whole Milk,Ethiopia
28,5,2,0,Dark,Small,Whole Milk,Ethiopia
28,5,3,1,Light,Medium,No Milk,Brazil
28,6,1,0,Medium,Medium,Oat Milk,Ethiopia
28,6,2,1,Medium,Small,Oat Milk,Colombia
28,6,3,0,Dark,Large,Whole Milk,Colombia
28,7,1,0,Light,Large,No Milk,Brazil
28,7,2,0,Medium,Medium,No Milk,Colombia
28,7,3,1,Light,Medium,Oat Milk,Brazil
28,8,1,0,Medium,Small,Oat Milk,Brazil
28,8,2,1,Light,Medium,Oat Milk,Brazil
28,8,3,0,Medium,Large,No Milk,Colombia
28,9,1,0,Light,Small,Whole Milk,Colombia
28,9,2,1,Light,Small,Whole Milk,Ethiopia
28,9,3,0,Medium,Medium,Oat Milk,Ethiopia
28,10,1,1,Dark,Small,Whole Milk,Ethiopia
28,10,2,0,Medium,Large,No Milk,Colombia
28,10,3,0,Dark,Large,No Milk,Colombia
29,1,1,1,Dark,Large,Oat Milk,Ethiopia
29,1,2,0,Light,Medium,Oat Milk,Ethiopia
29,1,3,0,Light,Medium,No Milk,Colombia
29,2,1,0,Light,Small,Whole Milk,Colombia
29,2,2,0,Light,Small,Oat Milk,Brazil
29,2,3,1,Light,Medium,Whole Milk,Ethiopia
29,3,1,0,Dark,Small,Whole Milk,Colombia
29,3,2,0,Dark,Small,No Milk,Brazil
29,3,3,1,Medium,Medium,No Milk,Brazil
29,4,1,0,Dark,Small,No Milk,Brazil
29,4,2,0,Light,Medium,Oat Milk,Brazil
29,4,3,1,Dark,Medium,Whole Milk,Brazil
29,5,1,1,Medium,Small,Whole Milk,Brazil
29,5,2,0,Medium,Small,No Milk,Ethiopia
29,5,3,0,Light,Medium,Whole Milk,Colombia
29,6,1,0,Medium,Medium,No Milk,Colombia
29,6,2,0,Light,Large,Oat Milk,Ethiopia
29,6,3,1,Light,Large,No Milk,Colombia
29,7,1,0,Dark,Medium,No Milk,Colombia
29,7,2,1,Light,Large,Whole Milk,Colombia
29,7,3,0,Dark,Small,Oat Milk,Ethiopia
29,8,1,0,Light,Small,No Milk,Colombia
29,8,2,1,Medium,Large,Oat Milk,Ethiopia
29,8,3,0,Light,Small,No Milk,Colombia
29,9,1,0,Light,Medium,Oat Milk,Ethiopia
29,9,2,1,Medium,Large,No Milk,Ethiopia
29,9,3,0,Light,Small,Oat Milk,Ethiopia
29,10,1,1,Medium,Medium,Whole Milk,Ethiopia
29,10,2,0,Dark,Small,No Milk,Colombia
29,10,3,0,Light,Small,No Milk,Ethiopia
30,1,1,0,Light,Medium,Oat Milk,Colombia
30,1,2,1,Medium,Small,No Milk,Ethiopia
30,1,3,0,Light,Large,Whole Milk,Brazil
30,2,1,1,Dark,Large,Whole Milk,Colombia
30,2,2,0,Dark,Medium,Whole Milk,Brazil
30,2,3,0,Dark,Small,Oat Milk,Brazil
30,3,1,0,Medium,Medium,Whole Milk,Brazil
30,3,2,0,Light,Large,Whole Milk,Colombia
30,3,3,1,Light,Large,Oat Milk,Ethiopia
30,4,1,1,Light,Medium,Oat Milk,Colombia
30,4,2,0,Medium,Small,Whole Milk,Colombia
30,4,3,0,Medium,Medium,No Milk,Colombia
30,5,1,1,Dark,Medium,No Milk,Ethiopia
30,5,2,0,Light,Medium,Whole Milk,Brazil
30,5,3,0,Medium,Medium,No Milk,Brazil
30,6,1,0,Light,Large,Whole Milk,Brazil
30,6,2,0,Dark,Large,No Milk,Brazil
30,6,3,1,Medium,Medium,No Milk,Colombia
30,7,1,0,Medium,Large,Whole Milk,Brazil
30,7,2,0,Dark,Medium,Whole Milk,Ethiopia
30,7,3,1,Dark,Small,No Milk,Ethiopia
30,8,1,0,Dark,Medium,Whole Milk,Brazil
30,8,2,1,Light,Small,No Milk,Ethiopia
30,8,3,0,Dark,Large,Whole Milk,Ethiopia
30,9,1,1,Dark,Small,No Milk,Colombia
30,9,2,0,Medium,Small,Oat Milk,Colombia
30,9,3,0,Light,Medium,No Milk,Brazil
30,10,1,1,Dark,Small,Oat Milk,Ethiopia
30,10,2,0,Dark,Small,Oat Milk,Colombia
30,10,3,0,Light,Large,Oat Milk,Brazil
31,1,1,0,Dark,Medium,Oat Milk,Brazil
31,1,2,1,Light,Medium,Oat Milk,Ethiopia
31,1,3,0,Medium,Small,No Milk,Ethiopia
31,2,1,1,Dark,Large,Oat Milk,Brazil
31,2,2,0,Medium,Large,Whole Milk,Brazil
31,2,3,0,Light,Small,Whole Milk,Brazil
31,3,1,0,Medium,Large,No Milk,Brazil
31,3,2,0,Light,Large,Whole Milk,Brazil
31,3,3,1,Dark,Small,Oat Milk,Brazil
31,4,1,0,Dark,Large,Whole Milk,Ethiopia
31,4,2,1,Dark,Medium,Oat Milk,Colombia
31,4,3,0,Light,Medium,No Milk,Colombia
31,5,1,1,Light,Medium,No Milk,Ethiopia
31,5,2,0,Light,Small,Whole Milk,Ethiopia
31,5,3,0,Dark,Small,Oat Milk,Ethiopia
31,6,1,0,Dark,Large,Whole Milk,Colombia
31,6,2,1,Dark,Medium,No Milk,Brazil
31,6,3,0,Dark,Medium,Whole Milk,Brazil
31,7,1,1,Medium,Medium,Oat Milk,Brazil
31,7,2,0,Dark,Small,No Milk,Brazil
31,7,3,0,Dark,Medium,No Milk,Brazil
31,8,1,0,Dark,Medium,Whole Milk,Brazil
31,8,2,1,Light,Large,No Milk,Ethiopia
31,8,3,0,Dark,Small,No Milk,Colombia
31,9,1,0,Light,Medium,No Milk,Ethiopia
31,9,2,0,Medium,Small,No Milk,Brazil
31,9,3,1,Light,Medium,Oat Milk,Brazil
31,10,1,0,Light,Small,Oat Milk,Brazil
31,10,2,0,Dark,Large,Whole Milk,Ethiopia
31,10,3,1,Dark,Large,Oat Milk,Colombia
32,1,1,0,Light,Large,Oat Milk,Ethiopia
32,1,2,1,Light,Large,Whole Milk,Ethiopia
32,1,3,0,Dark,Small,No Milk,Brazil
32,2,1,0,Light,Large,Whole Milk,Brazil
32,2,2,1,Light,Large,Oat Milk,Ethiopia
32,2,3,0,Light,Medium,Oat Milk,Brazil
32,3,1,0,Light,Large,Oat Milk,Brazil
32,3,2,1,Medium,Medium,No Milk,Ethiopia
32,3,3,0,Light,Medium,Whole Milk,Colombia
32,4,1,0,Light,Large,Whole Milk,Colombia
32,4,2,1,Light,Large,Whole Milk,Colombia
32,4,3,0,Medium,Small,No Milk,Brazil
32,5,1,1,Dark,Medium,Whole Milk,Colombia
32,5,2,0,Light,Small,Oat Milk,Brazil
32,5,3,0,Light,Small,No Milk,Colombia
32,6,1,1,Dark,Small,Whole Milk,Colombia
32,6,2,0,Medium,Medium,Oat Milk,Brazil
32,6,3,0,Medium,Small,Oat Milk,Brazil
32,7,1,0,Light,Large,Whole Milk,Brazil
32,7,2,0,Dark,Large,No Milk,Brazil
32,7,3,1,Medium,Large,No Milk,Ethiopia
32,8,1,1,Medium,Large,No Milk,Ethiopia
32,8,2,0,Medium,Medium,Oat Milk,Brazil
32,8,3,0,Light,Large,No Milk,Colombia
32,9,1,0,Dark,Medium,Whole Milk,Colombia
32,9,2,1,Dark,Large,Oat Milk,Colombia
32,9,3,0,Dark,Small,No Milk,Colombia
32,10,1,1,Dark,Medium,Whole Milk,Brazil
32,10,2,0,Medium,Small,Whole Milk,Brazil
32,10,3,0,Medium,Small,Oat Milk,Brazil
33,1,1,0,Dark,Medium,Whole Milk,Brazil
33,1,2,0,Dark,Small,Oat Milk,Colombia
33,1,3,1,Dark,Medium,Oat Milk,Ethiopia
33,2,1,1,Dark,Small,No Milk,Ethiopia
33,2,2,0,Light,Medium,Oat Milk,Ethiopia
33,2,3,0,Dark,Medium,Whole Milk,Brazil
33,3,1,0,Dark,Medium,Oat Milk,Ethiopia
33,3,2,0,Medium,Small,No Milk,Brazil
33,3,3,1,Medium,Medium,Oat Milk,Colombia
33,4,1,0,Medium,Medium,Oat Milk,Ethiopia
33,4,2,0,Medium,Medium,Whole Milk,Colombia
33,4,3,1,Dark,Small,Oat Milk,Colombia
33,5,1,0,Light,Medium,Whole Milk,Brazil
33,5,2,0,Light,Small,Whole Milk,Brazil
33,5,3,1,Dark,Large,Oat Milk,Brazil
33,6,1,1,Light,Large,Oat Milk,Brazil
33,6,2,0,Dark,Medium,Whole Milk,Colombia
33,6,3,0,Light,Large,Whole Milk,Ethiopia
33,7,1,1,Dark,Large,No Milk,Ethiopia
33,7,2,0,Light,Large,No Milk,Brazil
33,7,3,0,Dark,Small,Oat Milk,Colombia
33,8,1,1,Dark,Large,No Milk,Brazil
33,8,2,0,Medium,Small,No Milk,Ethiopia
33,8,3,0,Medium,Medium,No Milk,Colombia
33,9,1,1,Dark,Medium,Oat Milk,Ethiopia
33,9,2,0,Light,Small,Whole Milk,Ethiopia
33,9,3,0,Dark,Large,Oat Milk,Brazil
33,10,1,1,Dark,Large,No Milk,Ethiopia
33,10,2,0,Medium,Large,Whole Milk,Colombia
33,10,3,0,Medium,Small,Whole Milk,Ethiopia
34,1,1,0,Light,Small,No Milk,Colombia
34,1,2,1,Dark,Small,Whole Milk,Colombia
34,1,3,0,Medium,Large,No Milk,Ethiopia
34,2,1,1,Medium,Small,Whole Milk,Colombia
34,2,2,0,Medium,Small,No Milk,Colombia
34,2,3,0,Dark,Small,No Milk,Brazil
34,3,1,0,Dark,Small,No Milk,Colombia
34,3,2,1,Light,Large,Oat Milk,Brazil
34,3,3,0,Dark,Small,Whole Milk,Brazil
34,4,1,0,Medium,Small,No Milk,Ethiopia
34,4,2,1,Medium,Medium,No Milk,Colombia
34,4,3,0,Dark,Small,Whole Milk,Colombia
34,5,1,1,Dark,Medium,No Milk,Brazil
34,5,2,0,Medium,Large,Whole Milk,Colombia
34,5,3,0,Medium,Small,No Milk,Colombia
34,6,1,1,Dark,Large,Oat Milk,Colombia
34,6,2,0,Light,Medium,Whole Milk,Brazil
34,6,3,0,Dark,Large,No Milk,Colombia
34,7,1,1,Light,Large,Whole Milk,Colombia
34,7,2,0,Dark,Large,Oat Milk,Brazil
34,7,3,0,Light,Large,Whole Milk,Ethiopia
34,8,1,1,Medium,Medium,Oat Milk,Brazil
34,8,2,0,Dark,Large,No Milk,Ethiopia
34,8,3,0,Medium,Small,No Milk,Ethiopia
34,9,1,0,Dark,Medium,Oat Milk,Colombia
34,9,2,0,Dark,Small,Whole Milk,Brazil
34,9,3,1,Light,Medium,Whole Milk,Colombia
34,10,1,0,Medium,Medium,Oat Milk,Colombia
34,10,2,1,Dark,Large,Oat Milk,Ethiopia
34,10,3,0,Medium,Large,Oat Milk,Brazil
35,1,1,0,Medium,Large,Oat Milk,Brazil
35,1,2,1,Dark,Small,Whole Milk,Colombia
35,1,3,0,Dark,Small,No Milk,Colombia
35,2,1,1,Medium,Large,Whole Milk,Brazil
35,2,2,0,Light,Small,Oat Milk,Brazil
35,2,3,0,Light,Small,Oat Milk,Brazil
35,3,1,0,Light,Medium,No Milk,Ethiopia
35,3,2,0,Light,Large,Oat Milk,Ethiopia
35,3,3,1,Dark,Medium,Whole Milk,Brazil
35,4,1,0,Light,Large,Oat Milk,Ethiopia
35,4,2,0,Dark,Large,Oat Milk,Colombia
35,4,3,1,Dark,Large,Whole Milk,Brazil
35,5,1,0,Light,Large,No Milk,Ethiopia
35,5,2,0,Light,Small,No Milk,Ethiopia
35,5,3,1,Medium,Large,Oat Milk,Ethiopia
35,6,1,0,Dark,Small,Whole Milk,Brazil
35,6,2,1,Light,Large,Oat Milk,Brazil
35,6,3,0,Dark,Medium,Oat Milk,Ethiopia
35,7,1,0,Light,Medium,Oat Milk,Brazil
35,7,2,0,Light,Medium,Whole Milk,Colombia
35,7,3,1,Dark,Medium,Oat Milk,Colombia
35,8,1,0,Medium,Large,Whole Milk,Ethiopia
35,8,2,0,Medium,Large,Oat Milk,Colombia
35,8,3,1,Medium,Large,Oat Milk,Brazil
35,9,1,0,Medium,Small,Oat Milk,Colombia
35,9,2,1,Light,Large,Whole Milk,Colombia
35,9,3,0,Medium,Medium,Whole Milk,Brazil
35,10,1,0,Medium,Small,Oat Milk,Colombia
35,10,2,1,Dark,Medium,No Milk,Brazil
35,10,3,0,Medium,Medium,Oat Milk,Colombia
36,1,1,0,Light,Small,Whole Milk,Ethiopia
36,1,2,0,Light,Small,No Milk,Brazil
36,1,3,1,Medium,Large,No Milk,Brazil
36,2,1,0,Medium,Medium,Whole Milk,Ethiopia
36,2,2,1,Dark,Medium,Oat Milk,Colombia
36,2,3,0,Dark,Medium,Oat Milk,Colombia
36,3,1,1,Light,Small,Whole Milk,Ethiopia
36,3,2,0,Dark,Small,Whole Milk,Ethiopia
36,3,3,0,Dark,Small,Oat Milk,Colombia
36,4,1,1,Medium,Medium,Whole Milk,Colombia
36,4,2,0,Light,Medium,Whole Milk,Colombia
36,4,3,0,Dark,Medium,No Milk,Brazil
36,5,1,1,Medium,Medium,Whole Milk,Ethiopia
36,5,2,0,Medium,Medium,No Milk,Ethiopia
36,5,3,0,Medium,Medium,Oat Milk,Ethiopia
36,6,1,0,Dark,Small,Whole Milk,Brazil
36,6,2,1,Light,Large,Oat Milk,Colombia
36,6,3,0,Medium,Small,No Milk,Brazil
36,7,1,0,Light,Small,Oat Milk,Ethiopia
36,7,2,0,Dark,Large,Whole Milk,Brazil
36,7,3,1,Medium,Medium,Oat Milk,Brazil
36,8,1,0,Light,Medium,No Milk,Brazil
36,8,2,0,Light,Medium,Oat Milk,Brazil
36,8,3,1,Dark,Medium,Oat Milk,Ethiopia
36,9,1,0,Dark,Medium,Oat Milk,Colombia
36,9,2,0,Medium,Large,Whole Milk,Colombia
36,9,3,1,Dark,Large,Whole Milk,Colombia
36,10,1,0,Medium,Medium,Oat Milk,Brazil
36,10,2,0,Dark,Medium,No Milk,Ethiopia
36,10,3,1,Medium,Large,No Milk,Colombia
37,1,1,1,Dark,Medium,Whole Milk,Brazil
37,1,2,0,Medium,Medium,Whole Milk,Brazil
37,1,3,0,Medium,Medium,No Milk,Colombia
37,2,1,0,Light,Large,No Milk,Brazil
37,2,2,0,Dark,Large,Whole Milk,Colombia
37,2,3,1,Medium,Small,No Milk,Colombia
37,3,1,1,Medium,Large,No Milk,Colombia
37,3,2,0,Dark,Small,No Milk,Ethiopia
37,3,3,0,Light,Large,Oat Milk,Ethiopia
37,4,1,0,Dark,Medium,Oat Milk,Brazil
37,4,2,0,Dark,Small,No Milk,Colombia
37,4,3,1,Medium,Medium,Oat Milk,Brazil
37,5,1,0,Dark,Medium,No Milk,Brazil
37,5,2,1,Dark,Large,Oat Milk,Brazil
37,5,3,0,Dark,Medium,Whole Milk,Brazil
37,6,1,0,Medium,Medium,Oat Milk,Brazil
37,6,2,0,Light,Medium,Oat Milk,Ethiopia
37,6,3,1,Light,Medium,No Milk,Colombia
37,7,1,0,Light,Medium,Oat Milk,Ethiopia
37,7,2,0,Dark,Medium,Oat Milk,Ethiopia
37,7,3,1,Medium,Medium,Whole Milk,Colombia
37,8,1,1,Dark,Medium,No Milk,Ethiopia
37,8,2,0,Medium,Medium,No Milk,Colombia
37,8,3,0,Dark,Medium,Oat Milk,Colombia
37,9,1,1,Medium,Large,No Milk,Brazil
37,9,2,0,Dark,Large,Whole Milk,Ethiopia
37,9,3,0,Dark,Large,Oat Milk,Ethiopia
37,10,1,0,Light,Small,No Milk,Ethiopia
37,10,2,1,Medium,Large,Oat Milk,Ethiopia
37,10,3,0,Medium,Small,Oat Milk,Colombia
38,1,1,0,Light,Medium,Oat Milk,Ethiopia
38,1,2,1,Medium,Medium,Oat Milk,Brazil
38,1,3,0,Medium,Small,No Milk,Colombia
38,2,1,0,Medium,Small,Whole Milk,Ethiopia
38,2,2,1,Medium,Medium,No Milk,Colombia
38,2,3,0,Dark,Small,Oat Milk,Ethiopia
38,3,1,0,Light,Small,Oat Milk,Brazil
38,3,2,0,Dark,Large,No Milk,Ethiopia
38,3,3,1,Medium,Medium,No Milk,Brazil
38,4,1,0,Dark,Large,Whole Milk,Colombia
38,4,2,1,Dark,Medium,No Milk,Ethiopia
38,4,3,0,Dark,Small,No Milk,Colombia
38,5,1,0,Medium,Small,No Milk,Ethiopia
38,5,2,1,Medium,Small,No Milk,Colombia
38,5,3,0,Dark,Medium,Whole Milk,Brazil
38,6,1,0,Light,Small,No Milk,Ethiopia
38,6,2,0,Dark,Medium,Whole Milk,Colombia
38,6,3,1,Dark,Small,Whole Milk,Brazil
38,7,1,1,Light,Medium,No Milk,Ethiopia
38,7,2,0,Dark,Medium,Oat Milk,Brazil
38,7,3,0,Dark,Medium,Oat Milk,Brazil
38,8,1,1,Light,Medium,Whole Milk,Ethiopia
38,8,2,0,Dark,Large,Oat Milk,Colombia
38,8,3,0,Dark,Medium,Oat Milk,Brazil
38,9,1,0,Dark,Large,No Milk,Colombia
38,9,2,0,Medium,Medium,Oat Milk,Brazil
38,9,3,1,Light,Large,Whole Milk,Ethiopia
38,10,1,0,Light,Large,Oat Milk,Brazil
38,10,2,1,Dark,Small,Whole Milk,Brazil
38,10,3,0,Light,Large,Whole Milk,Ethiopia
39,1,1,0,Light,Small,No Milk,Ethiopia
39,1,2,1,Light,Large,Whole Milk,Ethiopia
39,1,3,0,Dark,Large,Whole Milk,Brazil
39,2,1,0,Medium,Small,Whole Milk,Brazil
39,2,2,1,Light,Large,Oat Milk,Colombia
39,2,3,0,Dark,Small,Oat Milk,Brazil
39,3,1,1,Medium,Medium,Whole Milk,Colombia
39,3,2,0,Medium,Large,No Milk,Brazil
39,3,3,0,Medium,Small,No Milk,Brazil
39,4,1,0,Dark,Small,Whole Milk,Ethiopia
39,4,2,1,Dark,Large,No Milk,Brazil
39,4,3,0,Light,Large,Whole Milk,Brazil
39,5,1,1,Light,Large,Whole Milk,Ethiopia
39,5,2,0,Dark,Large,Oat Milk,Colombia
39,5,3,0,Light,Large,Oat Milk,Brazil
39,6,1,1,Light,Large,Whole Milk,Ethiopia
39,6,2,0,Medium,Large,Oat Milk,Ethiopia
39,6,3,0,Dark,Medium,Whole Milk,Ethiopia
39,7,1,0,Dark,Large,No Milk,Ethiopia
39,7,2,0,Dark,Medium,Oat Milk,Ethiopia
39,7,3,1,Medium,Small,Whole Milk,Colombia
39,8,1,1,Dark,Small,Whole Milk,Colombia
39,8,2,0,Medium,Small,Oat Milk,Colombia
39,8,3,0,Medium,Small,Whole Milk,Ethiopia
39,9,1,0,Dark,Large,Whole Milk,Brazil
39,9,2,0,Light,Medium,Oat Milk,Colombia
39,9,3,1,Medium,Large,No Milk,Colombia
39,10,1,1,Medium,Small,Whole Milk,Ethiopia
39,10,2,0,Light,Large,No Milk,Brazil
39,10,3,0,Medium,Small,Oat Milk,Brazil
40,1,1,0,Medium,Medium,No Milk,Colombia
40,1,2,0,Dark,Small,Whole Milk,Brazil
40,1,3,1,Medium,Large,No Milk,Ethiopia
40,2,1,0,Light,Medium,Whole Milk,Brazil
40,2,2,1,Light,Large,Whole Milk,Ethiopia
40,2,3,0,Dark,Large,Whole Milk,Colombia
40,3,1,0,Medium,Medium,No Milk,Colombia
40,3,2,1,Medium,Large,Whole Milk,Colombia
40,3,3,0,Medium,Small,Oat Milk,Brazil
40,4,1,0,Dark,Small,No Milk,Ethiopia
40,4,2,0,Medium,Medium,Whole Milk,Brazil
40,4,3,1,Dark,Large,Whole Milk,Colombia
40,5,1,1,Medium,Medium,Oat Milk,Brazil
40,5,2,0,Light,Small,Whole Milk,Ethiopia
40,5,3,0,Medium,Small,Oat Milk,Ethiopia
40,6,1,1,Light,Medium,No Milk,Ethiopia
40,6,2,0,Medium,Large,No Milk,Ethiopia
40,6,3,0,Light,Small,Whole Milk,Ethiopia
40,7,1,1,Dark,Small,No Milk,Brazil
40,7,2,0,Dark,Small,Oat Milk,Colombia
40,7,3,0,Light,Medium,Oat Milk,Ethiopia
40,8,1,0,Light,Large,Whole Milk,Colombia
40,8,2,1,Dark,Medium,Whole Milk,Ethiopia
40,8,3,0,Light,Large,Whole Milk,Brazil
40,9,1,1,Dark,Large,Whole Milk,Colombia
40,9,2,0,Light,Medium,No Milk,Brazil
40,9,3,0,Light,Medium,Whole Milk,Colombia
40,10,1,0,Dark,Medium,Whole Milk,Brazil
40,10,2,0,Light,Small,Oat Milk,Brazil
40,10,3,1,Medium,Large,Whole Milk,Colombia
41,1,1,1,Medium,Medium,Oat Milk,Ethiopia
41,1,2,0,Light,Medium,Whole Milk,Ethiopia
41,1,3,0,Medium,Small,Whole Milk,Ethiopia
41,2,1,0,Dark,Medium,Oat Milk,Colombia
41,2,2,1,Medium,Small,No Milk,Ethiopia
41,2,3,0,Dark,Small,No Milk,Brazil
41,3,1,0,Dark,Large,Whole Milk,Brazil
41,3,2,1,Light,Large,No Milk,Ethiopia
41,3,3,0,Dark,Medium,Oat Milk,Brazil
41,4,1,0,Dark,Small,Whole Milk,Brazil
41,4,2,1,Light,Small,Oat Milk,Brazil
41,4,3,0,Dark,Small,Oat Milk,Colombia
41,5,1,0,Dark,Small,Oat Milk,Colombia
41,5,2,0,Dark,Small,No Milk,Ethiopia
41,5,3,1,Light,Large,No Milk,Ethiopia
41,6,1,1,Medium,Medium,Oat Milk,Ethiopia
41,6,2,0,Dark,Large,Oat Milk,Colombia
41,6,3,0,Light,Small,No Milk,Colombia
41,7,1,1,Dark,Large,Oat Milk,Brazil
41,7,2,0,Light,Large,No Milk,Colombia
41,7,3,0,Medium,Small,Whole Milk,Ethiopia
41,8,1,0,Dark,Medium,Whole Milk,Brazil
41,8,2,0,Medium,Medium,Oat Milk,Colombia
41,8,3,1,Light,Small,Oat Milk,Colombia
41,9,1,0,Medium,Small,Whole Milk,Brazil
41,9,2,0,Light,Small,No Milk,Ethiopia
41,9,3,1,Medium,Large,Oat Milk,Ethiopia
41,10,1,0,Medium,Medium,No Milk,Brazil
41,10,2,1,Medium,Large,Oat Milk,Ethiopia
41,10,3,0,Dark,Large,Whole Milk,Brazil
42,1,1,0,Dark,Small,Whole Milk,Ethiopia
42,1,2,0,Dark,Small,No Milk,Ethiopia
42,1,3,1,Medium,Medium,Oat Milk,Colombia
42,2,1,0,Dark,Small,Whole Milk,Brazil
42,2,2,1,Medium,Large,Oat Milk,Colombia
42,2,3,0,Light,Small,Whole Milk,Brazil
42,3,1,0,Medium,Medium,Oat Milk,Ethiopia
42,3,2,1,Medium,Large,Whole Milk,Colombia
42,3,3,0,Light,Medium,Oat Milk,Brazil
42,4,1,0,Dark,Small,Whole Milk,Brazil
42,4,2,0,Light,Large,Oat Milk,Brazil
42,4,3,1,Dark,Large,Oat Milk,Brazil
42,5,1,0,Dark,Large,No Milk,Ethiopia
42,5,2,1,Light,Small,Oat Milk,Brazil
42,5,3,0,Light,Small,No Milk,Colombia
42,6,1,1,Light,Medium,Oat Milk,Ethiopia
42,6,2,0,Medium,Medium,Whole Milk,Colombia
42,6,3,0,Light,Small,No Milk,Brazil
42,7,1,1,Light,Medium,Oat Milk,Ethiopia
42,7,2,0,Light,Large,Oat Milk,Colombia
42,7,3,0,Dark,Medium,Oat Milk,Ethiopia
42,8,1,0,Dark,Large,No Milk,Colombia
42,8,2,1,Medium,Large,Whole Milk,Brazil
42,8,3,0,Light,Small,No Milk,Colombia
42,9,1,1,Medium,Small,No Milk,Colombia
42,9,2,0,Dark,Medium,Oat Milk,Colombia
42,9,3,0,Medium,Small,No Milk,Brazil
42,10,1,1,Dark,Large,Whole Milk,Brazil
42,10,2,0,Dark,Small,Oat Milk,Brazil
42,10,3,0,Light,Small,Oat Milk,Ethiopia
43,1,1,0,Dark,Small,Whole Milk,Colombia
43,1,2,0,Light,Large,Whole Milk,Brazil
43,1,3,1,Light,Medium,Whole Milk,Brazil
43,2,1,1,Dark,Medium,Oat Milk,Brazil
43,2,2,0,Medium,Large,Whole Milk,Brazil
43,2,3,0,Light,Large,Whole Milk,Ethiopia
43,3,1,1,Dark,Medium,Oat Milk,Colombia
43,3,2,0,Light,Large,Oat Milk,Colombia
43,3,3,0,Light,Medium,Whole Milk,Colombia
43,4,1,0,Light,Large,Oat Milk,Ethiopia
43,4,2,0,Medium,Large,Whole Milk,Colombia
43,4,3,1,Light,Large,Oat Milk,Ethiopia
43,5,1,1,Medium,Medium,Whole Milk,Brazil
43,5,2,0,Light,Small,Whole Milk,Ethiopia
43,5,3,0,Dark,Large,Whole Milk,Colombia
43,6,1,1,Light,Medium,Oat Milk,Brazil
43,6,2,0,Medium,Small,Whole Milk,Colombia
43,6,3,0,Dark,Medium,Whole Milk,Ethiopia
43,7,1,0,Medium,Large,No Milk,Brazil
43,7,2,0,Dark,Large,Oat Milk,Brazil
43,7,3,1,Light,Large,Whole Milk,Ethiopia
43,8,1,1,Medium,Small,No Milk,Ethiopia
43,8,2,0,Medium,Medium,Whole Milk,Brazil
43,8,3,0,Dark,Large,Oat Milk,Colombia
43,9,1,0,Medium,Large,Oat Milk,Brazil
43,9,2,1,Medium,Small,Oat Milk,Colombia
43,9,3,0,Medium,Small,Whole Milk,Ethiopia
43,10,1,0,Medium,Small,No Milk,Colombia
43,10,2,0,Light,Medium,Whole Milk,Colombia
43,10,3,1,Medium,Large,Whole Milk,Ethiopia
44,1,1,0,Dark,Small,No Milk,Ethiopia
44,1,2,0,Dark,Large,No Milk,Ethiopia
44,1,3,1,Light,Small,Whole Milk,Brazil
44,2,1,1,Light,Large,Oat Milk,Brazil
44,2,2,0,Medium,Small,No Milk,Ethiopia
44,2,3,0,Medium,Medium,Whole Milk,Colombia
44,3,1,0,Light,Medium,No Milk,Colombia
44,3,2,0,Dark,Large,No Milk,Colombia
44,3,3,1,Dark,Medium,Oat Milk,Colombia
44,4,1,1,Medium,Large,No Milk,Colombia
44,4,2,0,Dark,Medium,Whole Milk,Ethiopia
44,4,3,0,Light,Medium,Whole Milk,Colombia
44,5,1,0,Light,Small,Oat Milk,Ethiopia
44,5,2,1,Dark,Large,Whole Milk,Brazil
44,5,3,0,Dark,Medium,Oat Milk,Ethiopia
44,6,1,1,Dark,Large,Whole Milk,Colombia
44,6,2,0,Medium,Large,No Milk,Colombia
44,6,3,0,Dark,Medium,No Milk,Ethiopia
44,7,1,0,Dark,Large,Oat Milk,Ethiopia
44,7,2,1,Light,Small,Whole Milk,Ethiopia
44,7,3,0,Medium,Small,Whole Milk,Brazil
44,8,1,0,Medium,Medium,Oat Milk,Colombia
44,8,2,0,Light,Medium,Oat Milk,Ethiopia
44,8,3,1,Medium,Medium,Whole Milk,Brazil
44,9,1,1,Light,Medium,Whole Milk,Colombia
44,9,2,0,Dark,Small,Oat Milk,Brazil
44,9,3,0,Dark,Medium,No Milk,Brazil
44,10,1,0,Light,Medium,Oat Milk,Colombia
44,10,2,0,Dark,Large,Oat Milk,Ethiopia
44,10,3,1,Medium,Large,Whole Milk,Colombia
45,1,1,0,Medium,Medium,No Milk,Brazil
45,1,2,1,Dark,Medium,Oat Milk,Ethiopia
45,1,3,0,Light,Small,No Milk,Colombia
45,2,1,0,Dark,Small,No Milk,Brazil
45,2,2,1,Dark,Medium,Oat Milk,Brazil
45,2,3,0,Light,Small,Whole Milk,Ethiopia
45,3,1,1,Dark,Medium,Oat Milk,Brazil
45,3,2,0,Medium,Small,Whole Milk,Colombia
45,3,3,0,Dark,Medium,No Milk,Ethiopia
45,4,1,0,Dark,Small,No Milk,Brazil
45,4,2,0,Medium,Small,Oat Milk,Colombia
45,4,3,1,Dark,Large,Oat Milk,Brazil
45,5,1,1,Medium,Medium,Oat Milk,Ethiopia
45,5,2,0,Dark,Small,Oat Milk,Colombia
45,5,3,0,Medium,Medium,Oat Milk,Colombia
45,6,1,0,Dark,Small,No Milk,Colombia
45,6,2,0,Light,Small,Whole Milk,Ethiopia
45,6,3,1,Light,Small,No Milk,Brazil
45,7,1,0,Medium,Large,Whole Milk,Ethiopia
45,7,2,1,Medium,Large,Oat Milk,Brazil
45,7,3,0,Medium,Medium,No Milk,Colombia
45,8,1,0,Light,Large,Oat Milk,Brazil
45,8,2,1,Dark,Medium,Oat Milk,Brazil
45,8,3,0,Light,Small,Whole Milk,Ethiopia
45,9,1,0,Light,Large,Oat Milk,Brazil
45,9,2,1,Dark,Large,Whole Milk,Ethiopia
45,9,3,0,Light,Large,Whole Milk,Colombia
45,10,1,0,Dark,Large,Whole Milk,Brazil
45,10,2,1,Dark,Large,Whole Milk,Ethiopia
45,10,3,0,Medium,Large,No Milk,Ethiopia
46,1,1,0,Medium,Large,Whole Milk,Ethiopia
46,1,2,0,Medium,Large,No Milk,Brazil
46,1,3,1,Medium,Large,Whole Milk,Colombia
46,2,1,1,Light,Small,Whole Milk,Colombia
46,2,2,0,Medium,Medium,No Milk,Brazil
46,2,3,0,Medium,Small,Whole Milk,Colombia
46,3,1,0,Dark,Large,No Milk,Brazil
46,3,2,0,Light,Medium,Whole Milk,Colombia
46,3,3,1,Dark,Small,Oat Milk,Colombia
46,4,1,0,Dark,Small,Oat Milk,Ethiopia
46,4,2,1,Light,Large,Oat Milk,Brazil
46,4,3,0,Light,Large,Whole Milk,Ethiopia
46,5,1,0,Medium,Small,No Milk,Colombia
46,5,2,1,Medium,Medium,Oat Milk,Brazil
46,5,3,0,Dark,Small,Oat Milk,Brazil
46,6,1,0,Medium,Medium,No Milk,Brazil
46,6,2,0,Light,Medium,Oat Milk,Ethiopia
46,6,3,1,Dark,Large,No Milk,Colombia
46,7,1,0,Dark,Medium,Oat Milk,Brazil
46,7,2,0,Medium,Medium,Oat Milk,Ethiopia
46,7,3,1,Medium,Large,Whole Milk,Ethiopia
46,8,1,0,Dark,Large,No Milk,Brazil
46,8,2,0,Light,Large,Oat Milk,Brazil
46,8,3,1,Light,Medium,Whole Milk,Colombia
46,9,1,0,Light,Small,Oat Milk,Colombia
46,9,2,1,Dark,Medium,Oat Milk,Colombia
46,9,3,0,Medium,Small,No Milk,Colombia
46,10,1,1,Light,Large,Whole Milk,Colombia
46,10,2,0,Dark,Small,Whole Milk,Colombia
46,10,3,0,Dark,Small,Oat Milk,Brazil
47,1,1,0,Medium,Medium,Whole Milk,Brazil
47,1,2,0,Medium,Medium,No Milk,Colombia
47,1,3,1,Light,Medium,Oat Milk,Ethiopia
47,2,1,0,Medium,Medium,No Milk,Ethiopia
47,2,2,1,Light,Large,Oat Milk,Colombia
47,2,3,0,Light,Small,Whole Milk,Ethiopia
47,3,1,0,Dark,Small,Oat Milk,Brazil
47,3,2,1,Light,Small,No Milk,Brazil
47,3,3,0,Medium,Small,Oat Milk,Colombia
47,4,1,0,Light,Small,Whole Milk,Ethiopia
47,4,2,0,Dark,Medium,Oat Milk,Brazil
47,4,3,1,Dark,Medium,Oat Milk,Ethiopia
47,5,1,0,Dark,Small,Whole Milk,Colombia
47,5,2,1,Dark,Medium,No Milk,Brazil
47,5,3,0,Medium,Medium,Whole Milk,Ethiopia
47,6,1,1,Dark,Large,No Milk,Ethiopia
47,6,2,0,Medium,Small,Oat Milk,Ethiopia
47,6,3,0,Light,Large,No Milk,Ethiopia
47,7,1,1,Medium,Large,Oat Milk,Colombia
47,7,2,0,Medium,Medium,No Milk,Brazil
47,7,3,0,Light,Small,No Milk,Colombia
47,8,1,0,Dark,Small,Oat Milk,Ethiopia
47,8,2,1,Dark,Large,Oat Milk,Ethiopia
47,8,3,0,Medium,Small,No Milk,Ethiopia
47,9,1,0,Dark,Small,Oat Milk,Colombia
47,9,2,1,Dark,Large,Whole Milk,Ethiopia
47,9,3,0,Dark,Small,Whole Milk,Brazil
47,10,1,0,Light,Small,Whole Milk,Colombia
47,10,2,0,Light,Medium,Whole Milk,Colombia
47,10,3,1,Dark,Small,No Milk,Colombia
48,1,1,0,Dark,Small,No Milk,Colombia
48,1,2,0,Dark,Large,Oat Milk,Ethiopia
48,1,3,1,Dark,Large,Whole Milk,Colombia
48,2,1,1,Light,Small,Whole Milk,Colombia
48,2,2,0,Light,Medium,No Milk,Ethiopia
48,2,3,0,Medium,Large,No Milk,Ethiopia
48,3,1,1,Dark,Small,No Milk,Colombia
48,3,2,0,Dark,Large,Oat Milk,Colombia
48,3,3,0,Medium,Small,No Milk,Colombia
48,4,1,1,Light,Large,Whole Milk,Brazil
48,4,2,0,Medium,Large,Oat Milk,Brazil
48,4,3,0,Light,Large,Oat Milk,Brazil
48,5,1,0,Light,Small,Whole Milk,Brazil
48,5,2,1,Light,Large,Oat Milk,Brazil
48,5,3,0,Dark,Medium,Oat Milk,Ethiopia
48,6,1,1,Light,Small,No Milk,Brazil
48,6,2,0,Dark,Medium,Whole Milk,Brazil
48,6,3,0,Dark,Large,No Milk,Ethiopia
48,7,1,1,Light,Small,Whole Milk,Ethiopia
48,7,2,0,Light,Large,No Milk,Colombia
48,7,3,0,Medium,Small,Oat Milk,Ethiopia
48,8,1,0,Medium,Small,No Milk,Brazil
48,8,2,1,Dark,Small,No Milk,Colombia
48,8,3,0,Light,Small,No Milk,Brazil
48,9,1,1,Dark,Medium,Oat Milk,Colombia
48,9,2,0,Medium,Small,No Milk,Ethiopia
48,9,3,0,Light,Large,Oat Milk,Colombia
48,10,1,0,Light,Small,Oat Milk,Brazil
48,10,2,0,Medium,Small,No Milk,Brazil
48,10,3,1,Medium,Medium,No Milk,Ethiopia
49,1,1,0,Light,Medium,No Milk,Ethiopia
49,1,2,1,Dark,Large,No Milk,Brazil
49,1,3,0,Light,Small,Oat Milk,Brazil
49,2,1,0,Light,Large,Oat Milk,Ethiopia
49,2,2,0,Dark,Medium,Whole Milk,Colombia
49,2,3,1,Medium,Large,No Milk,Brazil
49,3,1,0,Dark,Small,Oat Milk,Colombia
49,3,2,1,Medium,Large,Whole Milk,Colombia
49,3,3,0,Medium,Medium,Whole Milk,Colombia
49,4,1,0,Light,Small,Whole Milk,Colombia
49,4,2,0,Medium,Small,No Milk,Ethiopia
49,4,3,1,Dark,Small,No Milk,Ethiopia
49,5,1,1,Light,Large,Oat Milk,Brazil
49,5,2,0,Light,Medium,Oat Milk,Colombia
49,5,3,0,Medium,Small,Oat Milk,Brazil
49,6,1,0,Dark,Small,Whole Milk,Colombia
49,6,2,0,Dark,Medium,Whole Milk,Colombia
49,6,3,1,Medium,Large,Whole Milk,Brazil
49,7,1,1,Light,Large,No Milk,Brazil
49,7,2,0,Dark,Small,Whole Milk,Brazil
49,7,3,0,Light,Small,Oat Milk,Ethiopia
49,8,1,0,Light,Medium,Oat Milk,Colombia
49,8,2,1,Dark,Small,Whole Milk,Brazil
49,8,3,0,Light,Medium,No Milk,Brazil
49,9,1,0,Medium,Large,Whole Milk,Brazil
49,9,2,1,Dark,Small,Oat Milk,Ethiopia
49,9,3,0,Dark,Large,Oat Milk,Ethiopia
49,10,1,0,Medium,Medium,Oat Milk,Ethiopia
49,10,2,0,Light,Medium,Whole Milk,Brazil
49,10,3,1,Dark,Medium,Oat Milk,Brazil
50,1,1,0,Light,Small,No Milk,Ethiopia
50,1,2,0,Light,Medium,No Milk,Colombia
50,1,3,1,Dark,Small,Oat Milk,Ethiopia
50,2,1,0,Dark,Small,Oat Milk,Ethiopia
50,2,2,1,Dark,Large,No Milk,Ethiopia
50,2,3,0,Light,Small,Whole Milk,Brazil
50,3,1,1,Dark,Medium,Whole Milk,Brazil
50,3,2,0,Medium,Large,Whole Milk,Brazil
50,3,3,0,Dark,Medium,Oat Milk,Ethiopia
50,4,1,0,Medium,Small,Oat Milk,Colombia
50,4,2,0,Medium,Small,No Milk,Ethiopia
50,4,3,1,Light,Large,No Milk,Brazil
50,5,1,1,Light,Small,Whole Milk,Brazil
50,5,2,0,Light,Small,No Milk,Colombia
50,5,3,0,Medium,Large,No Milk,Ethiopia
50,6,1,0,Light,Small,Whole Milk,Brazil
50,6,2,0,Medium,Medium,No Milk,Ethiopia
50,6,3,1,Light,Large,Oat Milk,Colombia
50,7,1,0,Medium,Medium,No Milk,Ethiopia
50,7,2,1,Light,Small,Whole Milk,Brazil
50,7,3,0,Medium,Large,Whole Milk,Ethiopia
50,8,1,1,Medium,Large,Whole Milk,Colombia
50,8,2,0,Dark,Medium,Oat Milk,Brazil
50,8,3,0,Medium,Small,No Milk,Brazil
50,9,1,1,Medium,Small,Oat Milk,Brazil
50,9,2,0,Medium,Medium,No Milk,Ethiopia
50,9,3,0,Dark,Small,Whole Milk,Brazil
50,10,1,0,Medium,Small,No Milk,Colombia
50,10,2,1,Medium,Large,Whole Milk,Colombia
50,10,3,0,Medium,Small,Oat Milk,Ethiopia
51,1,1,0,Medium,Medium,Whole Milk,Colombia
51,1,2,1,Medium,Large,Oat Milk,Ethiopia
51,1,3,0,Dark,Medium,Whole Milk,Ethiopia
51,2,1,0,Dark,Large,No Milk,Colombia
51,2,2,1,Medium,Large,Oat Milk,Colombia
51,2,3,0,Dark,Medium,No Milk,Colombia
51,3,1,0,Medium,Medium,No Milk,Brazil
51,3,2,0,Dark,Small,No Milk,Colombia
51,3,3,1,Medium,Large,Oat Milk,Colombia
51,4,1,1,Medium,Large,Oat Milk,Ethiopia
51,4,2,0,Medium,Small,No Milk,Colombia
51,4,3,0,Medium,Large,Whole Milk,Ethiopia
51,5,1,0,Dark,Medium,Oat Milk,Colombia
51,5,2,0,Dark,Large,No Milk,Colombia
51,5,3,1,Medium,Medium,No Milk,Brazil
51,6,1,1,Dark,Medium,Whole Milk,Ethiopia
51,6,2,0,Dark,Large,Oat Milk,Brazil
51,6,3,0,Medium,Large,Whole Milk,Brazil
51,7,1,0,Medium,Small,Whole Milk,Colombia
51,7,2,0,Medium,Large,No Milk,Ethiopia
51,7,3,1,Medium,Medium,Oat Milk,Brazil
51,8,1,1,Medium,Small,Oat Milk,Ethiopia
51,8,2,0,Light,Large,No Milk,Brazil
51,8,3,0,Light,Large,No Milk,Brazil
51,9,1,1,Medium,Large,Oat Milk,Ethiopia
51,9,2,0,Dark,Medium,No Milk,Brazil
51,9,3,0,Light,Small,No Milk,Brazil
51,10,1,0,Medium,Medium,Oat Milk,Colombia
51,10,2,0,Light,Large,No Milk,Colombia
51,10,3,1,Dark,Large,Whole Milk,Brazil
52,1,1,0,Dark,Medium,No Milk,Ethiopia
52,1,2,1,Dark,Large,Oat Milk,Colombia
52,1,3,0,Light,Large,No Milk,Colombia
52,2,1,0,Dark,Small,Whole Milk,Colombia
52,2,2,0,Light,Small,No Milk,Ethiopia
52,2,3,1,Light,Small,No Milk,Ethiopia
52,3,1,0,Light,Small,No Milk,Colombia
52,3,2,1,Dark,Large,No Milk,Ethiopia
52,3,3,0,Medium,Small,No Milk,Ethiopia
52,4,1,0,Light,Small,Whole Milk,Colombia
52,4,2,0,Light,Small,Whole Milk,Ethiopia
52,4,3,1,Light,Large,Oat Milk,Brazil
52,5,1,0,Light,Large,Whole Milk,Brazil
52,5,2,0,Dark,Small,No Milk,Brazil
52,5,3,1,Dark,Small,Whole Milk,Colombia
52,6,1,0,Light,Large,No Milk,Brazil
52,6,2,0,Light,Large,Whole Milk,Ethiopia
52,6,3,1,Dark,Small,Oat Milk,Brazil
52,7,1,0,Light,Medium,Oat Milk,Ethiopia
52,7,2,0,Light,Medium,No Milk,Ethiopia
52,7,3,1,Light,Large,No Milk,Ethiopia
52,8,1,0,Dark,Medium,Whole Milk,Brazil
52,8,2,0,Medium,Medium,No Milk,Ethiopia
52,8,3,1,Dark,Large,Oat Milk,Brazil
52,9,1,0,Medium,Small,Whole Milk,Ethiopia
52,9,2,1,Medium,Small,No Milk,Ethiopia
52,9,3,0,Medium,Small,No Milk,Brazil
52,10,1,1,Light,Medium,Oat Milk,Brazil
52,10,2,0,Light,Small,No Milk,Ethiopia
52,10,3,0,Dark,Small,Whole Milk,Colombia
53,1,1,0,Dark,Large,Oat Milk,Brazil
53,1,2,1,Medium,Medium,Whole Milk,Brazil
53,1,3,0,Medium,Large,Oat Milk,Colombia
53,2,1,0,Light,Small,Oat Milk,Ethiopia
53,2,2,0,Dark,Small,No Milk,Colombia
53,2,3,1,Light,Medium,Whole Milk,Colombia
53,3,1,0,Medium,Large,Whole Milk,Ethiopia
53,3,2,1,Dark,Large,No Milk,Colombia
53,3,3,0,Dark,Medium,Oat Milk,Colombia
53,4,1,0,Medium,Medium,Whole Milk,Ethiopia
53,4,2,1,Dark,Large,No Milk,Colombia
53,4,3,0,Light,Medium,Oat Milk,Ethiopia
53,5,1,0,Medium,Medium,No Milk,Colombia
53,5,2,1,Dark,Medium,Whole Milk,Colombia
53,5,3,0,Light,Medium,Whole Milk,Ethiopia
53,6,1,0,Light,Large,Whole Milk,Ethiopia
53,6,2,1,Dark,Large,Whole Milk,Ethiopia
53,6,3,0,Light,Large,No Milk,Ethiopia
53,7,1,1,Dark,Medium,Whole Milk,Brazil
53,7,2,0,Medium,Medium,No Milk,Colombia
53,7,3,0,Light,Medium,Oat Milk,Brazil
53,8,1,0,Dark,Medium,Oat Milk,Colombia
53,8,2,1,Medium,Medium,Oat Milk,Colombia
53,8,3,0,Light,Small,Whole Milk,Ethiopia
53,9,1,1,Dark,Small,Oat Milk,Colombia
53,9,2,0,Light,Large,Oat Milk,Colombia
53,9,3,0,Medium,Large,Whole Milk,Ethiopia
53,10,1,1,Dark,Medium,Whole Milk,Colombia
53,10,2,0,Medium,Large,Oat Milk,Ethiopia
53,10,3,0,Medium,Small,Whole Milk,Brazil
54,1,1,0,Light,Large,No Milk,Ethiopia
54,1,2,1,Medium,Large,Oat Milk,Colombia
54,1,3,0,Light,Large,Whole Milk,Colombia
54,2,1,0,Medium,Small,Whole Milk,Brazil
54,2,2,1,Light,Medium,No Milk,Brazil
54,2,3,0,Dark,Medium,Oat Milk,Brazil
54,3,1,1,Light,Medium,Oat Milk,Ethiopia
54,3,2,0,Medium,Large,Whole Milk,Colombia
54,3,3,0,Dark,Large,Whole Milk,Colombia
54,4,1,0,Light,Large,Whole Milk,Ethiopia
54,4,2,1,Dark,Large,Whole Milk,Ethiopia
54,4,3,0,Dark,Large,No Milk,Brazil
54,5,1,0,Medium,Small,No Milk,Colombia
54,5,2,1,Medium,Medium,Oat Milk,Ethiopia
54,5,3,0,Light,Large,No Milk,Ethiopia
54,6,1,0,Medium,Large,No Milk,Ethiopia
54,6,2,0,Light,Medium,No Milk,Colombia
54,6,3,1,Light,Small,Oat Milk,Ethiopia
54,7,1,0,Medium,Medium,Whole Milk,Colombia
54,7,2,1,Medium,Small,No Milk,Ethiopia
54,7,3,0,Medium,Large,Whole Milk,Colombia
54,8,1,0,Light,Large,Oat Milk,Colombia
54,8,2,1,Light,Medium,Whole Milk,Ethiopia
54,8,3,0,Medium,Medium,Whole Milk,Brazil
54,9,1,0,Medium,Large,No Milk,Colombia
54,9,2,0,Dark,Large,No Milk,Brazil
54,9,3,1,Dark,Large,Oat Milk,Ethiopia
54,10,1,0,Light,Large,No Milk,Ethiopia
54,10,2,1,Dark,Large,Oat Milk,Brazil
54,10,3,0,Medium,Small,No Milk,Colombia
55,1,1,0,Dark,Small,Oat Milk,Colombia
55,1,2,0,Dark,Medium,Oat Milk,Colombia
55,1,3,1,Dark,Small,Whole Milk,Brazil
55,2,1,0,Light,Large,Whole Milk,Colombia
55,2,2,0,Medium,Medium,Whole Milk,Brazil
55,2,3,1,Dark,Small,Whole Milk,Colombia
55,3,1,0,Medium,Small,Oat Milk,Ethiopia
55,3,2,0,Light,Medium,No Milk,Colombia
55,3,3,1,Dark,Medium,Whole Milk,Ethiopia
55,4,1,0,Medium,Small,Oat Milk,Ethiopia
55,4,2,0,Medium,Large,Oat Milk,Colombia
55,4,3,1,Dark,Medium,Whole Milk,Colombia
55,5,1,1,Dark,Large,Whole Milk,Brazil
55,5,2,0,Dark,Small,No Milk,Brazil
55,5,3,0,Dark,Medium,Whole Milk,Colombia
55,6,1,0,Light,Large,Oat Milk,Ethiopia
55,6,2,0,Light,Small,No Milk,Brazil
55,6,3,1,Dark,Small,Whole Milk,Brazil
55,7,1,0,Medium,Medium,Oat Milk,Brazil
55,7,2,1,Light,Large,Whole Milk,Ethiopia
55,7,3,0,Light,Small,Oat Milk,Ethiopia
55,8,1,1,Medium,Large,No Milk,Colombia
55,8,2,0,Dark,Large,Whole Milk,Brazil
55,8,3,0,Light,Medium,No Milk,Ethiopia
55,9,1,0,Light,Small,Oat Milk,Brazil
55,9,2,0,Medium,Small,No Milk,Ethiopia
55,9,3,1,Dark,Small,No Milk,Brazil
55,10,1,0,Medium,Large,Oat Milk,Colombia
55,10,2,0,Light,Small,Oat Milk,Ethiopia
55,10,3,1,Medium,Small,Oat Milk,Colombia
56,1,1,0,Light,Medium,Whole Milk,Brazil
56,1,2,0,Light,Small,Oat Milk,Colombia
56,1,3,1,Dark,Medium,Whole Milk,Colombia
56,2,1,0,Dark,Medium,Whole Milk,Brazil
56,2,2,0,Light,Large,No Milk,Colombia
56,2,3,1,Light,Medium,Oat Milk,Brazil
56,3,1,0,Dark,Large,Whole Milk,Colombia
56,3,2,1,Dark,Large,Oat Milk,Ethiopia
56,3,3,0,Dark,Medium,No Milk,Brazil
56,4,1,1,Light,Medium,No Milk,Brazil
56,4,2,0,Medium,Medium,No Milk,Colombia
56,4,3,0,Dark,Medium,No Milk,Ethiopia
56,5,1,0,Light,Small,Oat Milk,Ethiopia
56,5,2,1,Medium,Medium,Oat Milk,Brazil
56,5,3,0,Medium,Large,Oat Milk,Ethiopia
56,6,1,1,Medium,Large,Oat Milk,Colombia
56,6,2,0,Dark,Large,Oat Milk,Colombia
56,6,3,0,Light,Small,No Milk,Colombia
56,7,1,0,Light,Large,Oat Milk,Ethiopia
56,7,2,1,Medium,Small,Oat Milk,Ethiopia
56,7,3,0,Dark,Medium,Oat Milk,Ethiopia
56,8,1,0,Dark,Small,No Milk,Ethiopia
56,8,2,0,Medium,Small,No Milk,Brazil
56,8,3,1,Medium,Large,Whole Milk,Brazil
56,9,1,0,Light,Large,Whole Milk,Colombia
56,9,2,0,Light,Small,Oat Milk,Brazil
56,9,3,1,Medium,Small,Oat Milk,Brazil
56,10,1,1,Light,Medium,Oat Milk,Brazil
56,10,2,0,Light,Medium,No Milk,Colombia
56,10,3,0,Dark,Large,Oat Milk,Ethiopia
57,1,1,0,Dark,Small,No Milk,Colombia
57,1,2,0,Medium,Medium,No Milk,Brazil
57,1,3,1,Dark,Medium,No Milk,Ethiopia
57,2,1,1,Light,Medium,No Milk,Colombia
57,2,2,0,Light,Medium,Oat Milk,Ethiopia
57,2,3,0,Dark,Small,No Milk,Ethiopia
57,3,1,0,Medium,Large,Oat Milk,Brazil
57,3,2,1,Medium,Large,No Milk,Ethiopia
57,3,3,0,Medium,Medium,Oat Milk,Ethiopia
57,4,1,1,Dark,Medium,No Milk,Ethiopia
57,4,2,0,Dark,Small,Oat Milk,Brazil
57,4,3,0,Light,Large,Oat Milk,Ethiopia
57,5,1,1,Dark,Large,Whole Milk,Colombia
57,5,2,0,Dark,Large,Whole Milk,Brazil
57,5,3,0,Medium,Medium,No Milk,Ethiopia
57,6,1,0,Light,Large,Oat Milk,Colombia
57,6,2,0,Medium,Large,No Milk,Brazil
57,6,3,1,Light,Large,No Milk,Brazil
57,7,1,1,Light,Medium,Whole Milk,Brazil
57,7,2,0,Medium,Medium,Oat Milk,Brazil
57,7,3,0,Dark,Small,No Milk,Brazil
57,8,1,0,Light,Small,Oat Milk,Colombia
57,8,2,0,Dark,Medium,Oat Milk,Brazil
57,8,3,1,Dark,Medium,Whole Milk,Ethiopia
57,9,1,0,Light,Small,No Milk,Colombia
57,9,2,1,Dark,Medium,Whole Milk,Colombia
57,9,3,0,Light,Small,Oat Milk,Colombia
57,10,1,0,Dark,Medium,Oat Milk,Brazil
57,10,2,1,Dark,Large,Whole Milk,Brazil
57,10,3,0,Dark,Large,Oat Milk,Brazil
58,1,1,1,Light,Medium,Whole Milk,Colombia
58,1,2,0,Medium,Large,Whole Milk,Colombia
58,1,3,0,Medium,Small,Oat Milk,Ethiopia
58,2,1,0,Light,Small,Whole Milk,Brazil
58,2,2,1,Medium,Medium,No Milk,Ethiopia
58,2,3,0,Light,Medium,Whole Milk,Ethiopia
58,3,1,0,Light,Small,Whole Milk,Brazil
58,3,2,0,Medium,Medium,Whole Milk,Brazil
58,3,3,1,Dark,Medium,No Milk,Ethiopia
58,4,1,1,Dark,Large,Whole Milk,Brazil
58,4,2,0,Medium,Small,Whole Milk,Colombia
58,4,3,0,Medium,Large,Oat Milk,Brazil
58,5,1,0,Dark,Medium,Oat Milk,Colombia
58,5,2,1,Dark,Medium,Oat Milk,Brazil
58,5,3,0,Light,Medium,Whole Milk,Colombia
58,6,1,0,Medium,Small,Whole Milk,Colombia
58,6,2,1,Dark,Medium,Whole Milk,Brazil
58,6,3,0,Light,Medium,Whole Milk,Brazil
58,7,1,1,Medium,Large,Whole Milk,Brazil
58,7,2,0,Medium,Small,Whole Milk,Colombia
58,7,3,0,Dark,Small,Whole Milk,Ethiopia
58,8,1,0,Light,Small,Whole Milk,Ethiopia
58,8,2,0,Medium,Medium,Oat Milk,Colombia
58,8,3,1,Light,Small,Oat Milk,Ethiopia
58,9,1,0,Light,Small,Whole Milk,Colombia
58,9,2,0,Medium,Medium,No Milk,Brazil
58,9,3,1,Dark,Small,Oat Milk,Ethiopia
58,10,1,0,Medium,Small,Whole Milk,Ethiopia
58,10,2,0,Dark,Large,Whole Milk,Brazil
58,10,3,1,Light,Medium,Oat Milk,Colombia
59,1,1,0,Medium,Small,Whole Milk,Ethiopia
59,1,2,0,Dark,Medium,Whole Milk,Colombia
59,1,3,1,Medium,Medium,No Milk,Colombia
59,2,1,1,Medium,Medium,No Milk,Colombia
59,2,2,0,Medium,Medium,Oat Milk,Brazil
59,2,3,0,Medium,Medium,Whole Milk,Ethiopia
59,3,1,0,Dark,Small,No Milk,Brazil
59,3,2,0,Light,Small,Oat Milk,Ethiopia
59,3,3,1,Medium,Large,Whole Milk,Ethiopia
59,4,1,0,Medium,Small,No Milk,Brazil
59,4,2,0,Light,Small,Oat Milk,Ethiopia
59,4,3,1,Light,Medium,No Milk,Ethiopia
59,5,1,0,Dark,Large,No Milk,Brazil
59,5,2,1,Dark,Large,Whole Milk,Brazil
59,5,3,0,Medium,Medium,Whole Milk,Brazil
59,6,1,1,Medium,Large,Whole Milk,Ethiopia
59,6,2,0,Light,Medium,Whole Milk,Brazil
59,6,3,0,Dark,Medium,Oat Milk,Brazil
59,7,1,1,Dark,Large,Whole Milk,Brazil
59,7,2,0,Medium,Large,Oat Milk,Colombia
59,7,3,0,Light,Small,Whole Milk,Ethiopia
59,8,1,1,Dark,Large,No Milk,Brazil
59,8,2,0,Medium,Small,No Milk,Brazil
59,8,3,0,Dark,Medium,Whole Milk,Colombia
59,9,1,1,Dark,Large,Oat Milk,Colombia
59,9,2,0,Medium,Large,Oat Milk,Brazil
59,9,3,0,Light,Medium,Oat Milk,Brazil
59,10,1,0,Light,Small,Whole Milk,Colombia
59,10,2,0,Dark,Large,No Milk,Ethiopia
59,10,3,1,Light,Large,Whole Milk,Brazil
60,1,1,0,Medium,Large,Whole Milk,Colombia
60,1,2,1,Dark,Large,No Milk,Ethiopia
60,1,3,0,Light,Large,Oat Milk,Ethiopia
60,2,1,0,Light,Medium,No Milk,Ethiopia
60,2,2,1,Light,Medium,Whole Milk,Brazil
60,2,3,0,Dark,Large,Oat Milk,Ethiopia
60,3,1,1,Dark,Medium,Oat Milk,Brazil
60,3,2,0,Medium,Large,Oat Milk,Colombia
60,3,3,0,Light,Medium,Whole Milk,Ethiopia
60,4,1,0,Dark,Large,Whole Milk,Colombia
60,4,2,0,Medium,Medium,No Milk,Brazil
60,4,3,1,Dark,Medium,No Milk,Brazil
60,5,1,0,Light,Small,Oat Milk,Brazil
60,5,2,1,Dark,Small,No Milk,Ethiopia
60,5,3,0,Medium,Medium,Oat Milk,Ethiopia
60,6,1,0,Light,Small,Whole Milk,Ethiopia
60,6,2,1,Medium,Medium,No Milk,Colombia
60,6,3,0,Medium,Small,No Milk,Brazil
60,7,1,0,Light,Medium,Oat Milk,Brazil
60,7,2,1,Medium,Medium,Oat Milk,Ethiopia
60,7,3,0,Dark,Small,No Milk,Brazil
60,8,1,1,Medium,Large,Oat Milk,Colombia
60,8,2,0,Medium,Small,Whole Milk,Brazil
60,8,3,0,Medium,Small,Oat Milk,Ethiopia
60,9,1,1,Dark,Medium,Whole Milk,Ethiopia
60,9,2,0,Light,Large,No Milk,Brazil
60,9,3,0,Dark,Medium,Whole Milk,Brazil
60,10,1,0,Dark,Small,No Milk,Brazil
60,10,2,0,Light,Large,Whole Milk,Colombia
60,10,3,1,Dark,Small,No Milk,Brazil
61,1,1,1,Medium,Large,No Milk,Ethiopia
61,1,2,0,Light,Medium,Oat Milk,Colombia
61,1,3,0,Dark,Medium,Oat Milk,Ethiopia
61,2,1,0,Light,Large,No Milk,Ethiopia
61,2,2,1,Medium,Small,No Milk,Ethiopia
61,2,3,0,Dark,Small,No Milk,Brazil
61,3,1,0,Light,Small,Whole Milk,Colombia
61,3,2,1,Light,Medium,No Milk,Ethiopia
61,3,3,0,Medium,Medium,No Milk,Colombia
61,4,1,0,Dark,Large,No Milk,Ethiopia
61,4,2,0,Dark,Medium,No Milk,Ethiopia
61,4,3,1,Medium,Large,Oat Milk,Colombia
61,5,1,0,Medium,Large,No Milk,Colombia
61,5,2,1,Dark,Large,No Milk,Colombia
61,5,3,0,Dark,Small,Oat Milk,Brazil
61,6,1,1,Light,Large,Whole Milk,Colombia
61,6,2,0,Light,Medium,Whole Milk,Colombia
61,6,3,0,Dark,Medium,Whole Milk,Ethiopia
61,7,1,1,Medium,Large,Oat Milk,Brazil
61,7,2,0,Light,Small,Oat Milk,Ethiopia
61,7,3,0,Dark,Medium,Oat Milk,Brazil
61,8,1,0,Dark,Medium,No Milk,Colombia
61,8,2,0,Dark,Small,Oat Milk,Colombia
61,8,3,1,Light,Small,Whole Milk,Brazil
61,9,1,1,Medium,Small,Whole Milk,Brazil
61,9,2,0,Medium,Large,Oat Milk,Brazil
61,9,3,0,Dark,Medium,Oat Milk,Colombia
61,10,1,1,Medium,Medium,No Milk,Ethiopia
61,10,2,0,Medium,Small,Whole Milk,Colombia
61,10,3,0,Light,Large,Oat Milk,Colombia
62,1,1,0,Light,Large,Oat Milk,Brazil
62,1,2,0,Medium,Large,Oat Milk,Ethiopia
62,1,3,1,Dark,Small,No Milk,Ethiopia
62,2,1,0,Light,Medium,No Milk,Colombia
62,2,2,0,Medium,Large,Whole Milk,Ethiopia
62,2,3,1,Dark,Large,Oat Milk,Brazil
62,3,1,0,Medium,Medium,No Milk,Ethiopia
62,3,2,0,Dark,Large,Whole Milk,Colombia
62,3,3,1,Dark,Medium,No Milk,Ethiopia
62,4,1,0,Medium,Small,Whole Milk,Colombia
62,4,2,1,Dark,Large,Whole Milk,Brazil
62,4,3,0,Light,Large,No Milk,Brazil
62,5,1,0,Medium,Large,No Milk,Brazil
62,5,2,1,Medium,Small,Whole Milk,Colombia
62,5,3,0,Dark,Large,Whole Milk,Brazil
62,6,1,1,Dark,Medium,No Milk,Ethiopia
62,6,2,0,Dark,Small,Oat Milk,Ethiopia
62,6,3,0,Medium,Medium,No Milk,Brazil
62,7,1,1,Medium,Medium,Whole Milk,Colombia
62,7,2,0,Light,Small,Oat Milk,Ethiopia
62,7,3,0,Medium,Small,Oat Milk,Colombia
62,8,1,1,Dark,Small,Whole Milk,Colombia
62,8,2,0,Medium,Small,No Milk,Colombia
62,8,3,0,Medium,Small,Whole Milk,Brazil
62,9,1,1,Medium,Medium,No Milk,Brazil
62,9,2,0,Medium,Medium,No Milk,Colombia
62,9,3,0,Medium,Small,Oat Milk,Brazil
62,10,1,1,Light,Large,Whole Milk,Ethiopia
62,10,2,0,Dark,Medium,Whole Milk,Colombia
62,10,3,0,Light,Small,Oat Milk,Ethiopia
63,1,1,0,Light,Medium,Oat Milk,Ethiopia
63,1,2,0,Medium,Small,Whole Milk,Brazil
63,1,3,1,Medium,Medium,Oat Milk,Ethiopia
63,2,1,1,Dark,Small,Oat Milk,Brazil
63,2,2,0,Light,Medium,Whole Milk,Ethiopia
63,2,3,0,Light,Small,No Milk,Brazil
63,3,1,1,Dark,Small,Whole Milk,Colombia
63,3,2,0,Medium,Medium,Oat Milk,Ethiopia
63,3,3,0,Medium,Small,No Milk,Colombia
63,4,1,0,Light,Small,Oat Milk,Brazil
63,4,2,1,Dark,Medium,Oat Milk,Brazil
63,4,3,0,Light,Small,Oat Milk,Ethiopia
63,5,1,1,Medium,Medium,No Milk,Brazil
63,5,2,0,Dark,Small,No Milk,Colombia
63,5,3,0,Dark,Small,Oat Milk,Ethiopia
63,6,1,0,Light,Large,No Milk,Colombia
63,6,2,1,Dark,Medium,Whole Milk,Brazil
63,6,3,0,Dark,Large,Oat Milk,Brazil
63,7,1,0,Medium,Large,Oat Milk,Ethiopia
63,7,2,0,Light,Medium,No Milk,Ethiopia
63,7,3,1,Light,Large,No Milk,Brazil
63,8,1,1,Dark,Small,No Milk,Ethiopia
63,8,2,0,Medium,Large,Oat Milk,Colombia
63,8,3,0,Light,Medium,No Milk,Colombia
63,9,1,0,Dark,Small,No Milk,Ethiopia
63,9,2,1,Dark,Large,Oat Milk,Colombia
63,9,3,0,Light,Small,Oat Milk,Colombia
63,10,1,1,Medium,Large,No Milk,Ethiopia
63,10,2,0,Light,Small,No Milk,Colombia
63,10,3,0,Medium,Small,No Milk,Brazil
64,1,1,0,Dark,Medium,Whole Milk,Colombia
64,1,2,0,Light,Small,No Milk,Brazil
64,1,3,1,Medium,Medium,Whole Milk,Ethiopia
64,2,1,0,Light,Small,Whole Milk,Brazil
64,2,2,0,Dark,Medium,No Milk,Ethiopia
64,2,3,1,Dark,Medium,No Milk,Brazil
64,3,1,0,Medium,Small,Whole Milk,Colombia
64,3,2,1,Dark,Large,No Milk,Colombia
64,3,3,0,Dark,Large,Oat Milk,Ethiopia
64,4,1,0,Light,Medium,Whole Milk,Ethiopia
64,4,2,0,Medium,Large,Oat Milk,Ethiopia
64,4,3,1,Medium,Large,Whole Milk,Brazil
64,5,1,0,Light,Small,Oat Milk,Colombia
64,5,2,1,Medium,Medium,Oat Milk,Brazil
64,5,3,0,Medium,Medium,Whole Milk,Colombia
64,6,1,0,Light,Medium,Oat Milk,Brazil
64,6,2,1,Dark,Small,Oat Milk,Brazil
64,6,3,0,Medium,Medium,Oat Milk,Ethiopia
64,7,1,0,Medium,Medium,Oat Milk,Ethiopia
64,7,2,0,Medium,Small,Oat Milk,Brazil
64,7,3,1,Light,Medium,Whole Milk,Brazil
64,8,1,0,Light,Medium,No Milk,Colombia
64,8,2,0,Medium,Small,Whole Milk,Colombia
64,8,3,1,Dark,Medium,Oat Milk,Ethiopia
64,9,1,0,Dark,Medium,No Milk,Brazil
64,9,2,1,Light,Large,Whole Milk,Brazil
64,9,3,0,Light,Medium,Oat Milk,Ethiopia
64,10,1,0,Medium,Medium,Whole Milk,Brazil
64,10,2,0,Dark,Large,No Milk,Ethiopia
64,10,3,1,Dark,Large,No Milk,Ethiopia
65,1,1,1,Medium,Small,Oat Milk,Ethiopia
65,1,2,0,Light,Medium,No Milk,Brazil
65,1,3,0,Medium,Large,No Milk,Ethiopia
65,2,1,1,Medium,Medium,No Milk,Ethiopia
65,2,2,0,Medium,Large,Whole Milk,Ethiopia
65,2,3,0,Light,Large,No Milk,Colombia
65,3,1,0,Medium,Large,Whole Milk,Brazil
65,3,2,1,Dark,Medium,Oat Milk,Colombia
65,3,3,0,Light,Large,Oat Milk,Colombia
65,4,1,1,Medium,Large,Oat Milk,Brazil
65,4,2,0,Light,Small,No Milk,Brazil
65,4,3,0,Light,Large,Whole Milk,Ethiopia
65,5,1,1,Light,Small,Oat Milk,Ethiopia
65,5,2,0,Medium,Large,Whole Milk,Colombia
65,5,3,0,Medium,Large,No Milk,Colombia
65,6,1,0,Medium,Medium,No Milk,Colombia
65,6,2,0,Medium,Medium,Whole Milk,Colombia
65,6,3,1,Light,Small,No Milk,Ethiopia
65,7,1,0,Dark,Large,Oat Milk,Colombia
65,7,2,0,Medium,Large,No Milk,Brazil
65,7,3,1,Medium,Medium,No Milk,Colombia
65,8,1,1,Medium,Small,Oat Milk,Brazil
65,8,2,0,Dark,Medium,Whole Milk,Ethiopia
65,8,3,0,Dark,Small,Whole Milk,Colombia
65,9,1,1,Medium,Medium,Whole Milk,Brazil
65,9,2,0,Medium,Large,No Milk,Ethiopia
65,9,3,0,Dark,Large,Oat Milk,Ethiopia
65,10,1,0,Dark,Small,Whole Milk,Brazil
65,10,2,0,Dark,Small,No Milk,Colombia
65,10,3,1,Dark,Large,Oat Milk,Brazil
66,1,1,0,Medium,Medium,Oat Milk,Colombia
66,1,2,0,Dark,Small,Oat Milk,Colombia
66,1,3,1,Dark,Large,Whole Milk,Ethiopia
66,2,1,1,Dark,Medium,No Milk,Ethiopia
66,2,2,0,Medium,Small,Whole Milk,Colombia
66,2,3,0,Dark,Medium,Oat Milk,Ethiopia
66,3,1,1,Dark,Large,No Milk,Brazil
66,3,2,0,Light,Medium,Oat Milk,Colombia
66,3,3,0,Light,Large,No Milk,Colombia
66,4,1,0,Dark,Large,Oat Milk,Colombia
66,4,2,0,Light,Large,Oat Milk,Colombia
66,4,3,1,Light,Small,Whole Milk,Colombia
66,5,1,0,Dark,Small,Oat Milk,Brazil
66,5,2,1,Dark,Large,Whole Milk,Brazil
66,5,3,0,Light,Medium,Whole Milk,Ethiopia
66,6,1,1,Dark,Small,No Milk,Ethiopia
66,6,2,0,Light,Medium,No Milk,Colombia
66,6,3,0,Medium,Small,No Milk,Ethiopia
66,7,1,1,Dark,Large,No Milk,Colombia
66,7,2,0,Light,Large,No Milk,Brazil
66,7,3,0,Medium,Large,No Milk,Ethiopia
66,8,1,1,Dark,Small,Whole Milk,Colombia
66,8,2,0,Medium,Medium,No Milk,Colombia
66,8,3,0,Medium,Medium,No Milk,Colombia
66,9,1,0,Medium,Small,Oat Milk,Colombia
66,9,2,1,Light,Large,Oat Milk,Brazil
66,9,3,0,Light,Small,No Milk,Ethiopia
66,10,1,0,Dark,Medium,No Milk,Brazil
66,10,2,0,Dark,Small,Oat Milk,Colombia
66,10,3,1,Dark,Large,Oat Milk,Brazil
67,1,1,0,Dark,Medium,Oat Milk,Brazil
67,1,2,1,Light,Large,Whole Milk,Brazil
67,1,3,0,Light,Small,Whole Milk,Colombia
67,2,1,1,Dark,Medium,No Milk,Brazil
67,2,2,0,Light,Medium,Oat Milk,Ethiopia
67,2,3,0,Medium,Small,Whole Milk,Colombia
67,3,1,1,Dark,Large,Oat Milk,Brazil
67,3,2,0,Light,Medium,Oat Milk,Brazil
67,3,3,0,Light,Large,Oat Milk,Brazil
67,4,1,0,Light,Small,Whole Milk,Ethiopia
67,4,2,1,Light,Large,No Milk,Brazil
67,4,3,0,Dark,Large,Whole Milk,Colombia
67,5,1,0,Medium,Large,Oat Milk,Colombia
67,5,2,1,Light,Small,Oat Milk,Colombia
67,5,3,0,Light,Large,No Milk,Colombia
67,6,1,0,Light,Large,Whole Milk,Colombia
67,6,2,0,Light,Medium,Whole Milk,Ethiopia
67,6,3,1,Dark,Small,No Milk,Ethiopia
67,7,1,1,Light,Medium,Oat Milk,Brazil
67,7,2,0,Dark,Small,Oat Milk,Ethiopia
67,7,3,0,Medium,Medium,Oat Milk,Colombia
67,8,1,1,Medium,Large,Whole Milk,Brazil
67,8,2,0,Light,Medium,No Milk,Ethiopia
67,8,3,0,Light,Medium,Whole Milk,Brazil
67,9,1,0,Dark,Small,Oat Milk,Ethiopia
67,9,2,1,Medium,Medium,Oat Milk,Brazil
67,9,3,0,Light,Medium,No Milk,Brazil
67,10,1,0,Light,Small,No Milk,Colombia
67,10,2,1,Dark,Large,Oat Milk,Ethiopia
67,10,3,0,Medium,Medium,Whole Milk,Ethiopia
68,1,1,1,Medium,Large,Oat Milk,Brazil
68,1,2,0,Dark,Large,Oat Milk,Brazil
68,1,3,0,Medium,Medium,Whole Milk,Colombia
68,2,1,1,Light,Medium,Whole Milk,Brazil
68,2,2,0,Dark,Large,Whole Milk,Colombia
68,2,3,0,Medium,Large,No Milk,Ethiopia
68,3,1,0,Dark,Large,No Milk,Colombia
68,3,2,0,Light,Large,Whole Milk,Ethiopia
68,3,3,1,Dark,Small,Whole Milk,Colombia
68,4,1,1,Light,Medium,Oat Milk,Brazil
68,4,2,0,Dark,Large,Oat Milk,Brazil
68,4,3,0,Medium,Large,No Milk,Colombia
68,5,1,1,Medium,Small,Oat Milk,Brazil
68,5,2,0,Dark,Medium,Whole Milk,Ethiopia
68,5,3,0,Light,Medium,No Milk,Colombia
68,6,1,1,Dark,Medium,Whole Milk,Ethiopia
68,6,2,0,Dark,Medium,No Milk,Colombia
68,6,3,0,Dark,Small,No Milk,Ethiopia
68,7,1,0,Light,Medium,Whole Milk,Colombia
68,7,2,0,Light,Large,No Milk,Colombia
68,7,3,1,Medium,Medium,Whole Milk,Brazil
68,8,1,0,Dark,Small,No Milk,Ethiopia
68,8,2,0,Light,Medium,No Milk,Ethiopia
68,8,3,1,Light,Medium,Oat Milk,Brazil
68,9,1,0,Light,Small,Oat Milk,Colombia
68,9,2,0,Light,Small,No Milk,Brazil
68,9,3,1,Medium,Large,Whole Milk,Ethiopia
68,10,1,0,Medium,Medium,Whole Milk,Ethiopia
68,10,2,1,Dark,Medium,Oat Milk,Colombia
68,10,3,0,Dark,Medium,Oat Milk,Brazil
69,1,1,0,Dark,Medium,Whole Milk,Colombia
69,1,2,0,Dark,Large,Whole Milk,Ethiopia
69,1,3,1,Dark,Small,No Milk,Brazil
69,2,1,1,Medium,Small,Whole Milk,Ethiopia
69,2,2,0,Dark,Medium,Whole Milk,Ethiopia
69,2,3,0,Medium,Medium,Whole Milk,Brazil
69,3,1,1,Medium,Medium,Oat Milk,Brazil
69,3,2,0,Light,Large,Oat Milk,Ethiopia
69,3,3,0,Dark,Small,Whole Milk,Brazil
69,4,1,0,Dark,Large,No Milk,Colombia
69,4,2,1,Light,Medium,Whole Milk,Brazil
69,4,3,0,Medium,Small,Oat Milk,Colombia
69,5,1,0,Dark,Small,No Milk,Colombia
69,5,2,0,Dark,Large,No Milk,Colombia
69,5,3,1,Dark,Small,No Milk,Ethiopia
69,6,1,0,Medium,Small,Whole Milk,Ethiopia
69,6,2,0,Dark,Small,Whole Milk,Colombia
69,6,3,1,Dark,Large,Oat Milk,Colombia
69,7,1,0,Medium,Small,Whole Milk,Brazil
69,7,2,0,Medium,Medium,Whole Milk,Brazil
69,7,3,1,Medium,Large,Whole Milk,Brazil
69,8,1,0,Medium,Small,No Milk,Ethiopia
69,8,2,1,Light,Small,No Milk,Ethiopia
69,8,3,0,Light,Large,No Milk,Brazil
69,9,1,0,Medium,Medium,Whole Milk,Brazil
69,9,2,0,Light,Large,Whole Milk,Colombia
69,9,3,1,Medium,Medium,Oat Milk,Brazil
69,10,1,0,Light,Large,Whole Milk,Brazil
69,10,2,1,Light,Medium,No Milk,Brazil
69,10,3,0,Medium,Small,Oat Milk,Colombia
70,1,1,0,Light,Medium,Whole Milk,Brazil
70,1,2,1,Light,Medium,Oat Milk,Brazil
70,1,3,0,Light,Medium,No Milk,Brazil
70,2,1,0,Dark,Small,Whole Milk,Brazil
70,2,2,0,Light,Medium,Whole Milk,Ethiopia
70,2,3,1,Dark,Small,No Milk,Brazil
70,3,1,1,Medium,Large,Oat Milk,Ethiopia
70,3,2,0,Medium,Small,Whole Milk,Brazil
70,3,3,0,Dark,Small,Whole Milk,Brazil
70,4,1,0,Light,Medium,Whole Milk,Colombia
70,4,2,1,Dark,Medium,Oat Milk,Brazil
70,4,3,0,Light,Medium,Whole Milk,Ethiopia
70,5,1,0,Light,Small,No Milk,Brazil
70,5,2,1,Dark,Small,Oat Milk,Brazil
70,5,3,0,Light,Large,No Milk,Ethiopia
70,6,1,0,Medium,Large,No Milk,Colombia
70,6,2,1,Medium,Small,No Milk,Colombia
70,6,3,0,Dark,Medium,Whole Milk,Ethiopia
70,7,1,0,Dark,Large,Oat Milk,Colombia
70,7,2,1,Light,Medium,Oat Milk,Ethiopia
70,7,3,0,Light,Large,Whole Milk,Ethiopia
70,8,1,0,Dark,Large,No Milk,Ethiopia
70,8,2,1,Dark,Medium,Oat Milk,Brazil
70,8,3,0,Medium,Small,No Milk,Colombia
70,9,1,1,Medium,Large,Whole Milk,Brazil
70,9,2,0,Dark,Large,Whole Milk,Ethiopia
70,9,3,0,Dark,Small,Whole Milk,Colombia
70,10,1,0,Dark,Large,Oat Milk,Ethiopia
70,10,2,1,Light,Medium,No Milk,Brazil
70,10,3,0,Dark,Small,Oat Milk,Brazil
71,1,1,1,Light,Large,No Milk,Colombia
71,1,2,0,Dark,Small,No Milk,Brazil
71,1,3,0,Medium,Small,No Milk,Colombia
71,2,1,0,Dark,Small,No Milk,Brazil
71,2,2,1,Light,Small,No Milk,Brazil
71,2,3,0,Dark,Small,Oat Milk,Brazil
71,3,1,0,Medium,Small,Whole Milk,Ethiopia
71,3,2,1,Medium,Small,Whole Milk,Ethiopia
71,3,3,0,Dark,Medium,Whole Milk,Brazil
71,4,1,0,Dark,Small,Whole Milk,Colombia
71,4,2,1,Light,Small,Oat Milk,Colombia
71,4,3,0,Dark,Large,No Milk,Brazil
71,5,1,0,Light,Large,Whole Milk,Ethiopia
71,5,2,1,Medium,Medium,Oat Milk,Brazil
71,5,3,0,Medium,Medium,No Milk,Ethiopia
71,6,1,0,Dark,Small,Whole Milk,Colombia
71,6,2,0,Dark,Medium,Whole Milk,Brazil
71,6,3,1,Dark,Medium,Whole Milk,Brazil
71,7,1,0,Dark,Large,No Milk,Ethiopia
71,7,2,1,Medium,Medium,Oat Milk,Colombia
71,7,3,0,Light,Small,Oat Milk,Colombia
71,8,1,0,Dark,Large,Oat Milk,Colombia
71,8,2,1,Light,Medium,Oat Milk,Ethiopia
71,8,3,0,Light,Medium,No Milk,Colombia
71,9,1,0,Light,Medium,No Milk,Colombia
71,9,2,0,Dark,Medium,Whole Milk,Ethiopia
71,9,3,1,Medium,Large,Whole Milk,Ethiopia
71,10,1,0,Dark,Small,No Milk,Colombia
71,10,2,1,Medium,Small,Oat Milk,Brazil
71,10,3,0,Dark,Large,Whole Milk,Ethiopia
72,1,1,0,Medium,Large,No Milk,Brazil
72,1,2,0,Dark,Medium,No Milk,Ethiopia
72,1,3,1,Medium,Large,Oat Milk,Ethiopia
72,2,1,1,Dark,Large,No Milk,Ethiopia
72,2,2,0,Light,Medium,Oat Milk,Ethiopia
72,2,3,0,Dark,Small,No Milk,Brazil
72,3,1,0,Light,Small,Whole Milk,Colombia
72,3,2,1,Medium,Large,Oat Milk,Colombia
72,3,3,0,Medium,Large,Whole Milk,Brazil
72,4,1,1,Medium,Large,Whole Milk,Brazil
72,4,2,0,Dark,Small,Oat Milk,Colombia
72,4,3,0,Dark,Small,Whole Milk,Ethiopia
72,5,1,0,Dark,Medium,No Milk,Brazil
72,5,2,1,Dark,Large,Whole Milk,Colombia
72,5,3,0,Light,Large,Whole Milk,Colombia
72,6,1,1,Medium,Small,Whole Milk,Ethiopia
72,6,2,0,Medium,Medium,Oat Milk,Colombia
72,6,3,0,Light,Medium,Whole Milk,Colombia
72,7,1,0,Light,Medium,Oat Milk,Ethiopia
72,7,2,0,Light,Small,Whole Milk,Brazil
72,7,3,1,Light,Medium,Whole Milk,Brazil
72,8,1,0,Light,Medium,Whole Milk,Ethiopia
72,8,2,1,Light,Large,Oat Milk,Ethiopia
72,8,3,0,Light,Small,Oat Milk,Brazil
72,9,1,0,Medium,Small,No Milk,Ethiopia
72,9,2,1,Light,Large,Whole Milk,Colombia
72,9,3,0,Medium,Small,No Milk,Brazil
72,10,1,0,Medium,Medium,Oat Milk,Ethiopia
72,10,2,1,Light,Large,Oat Milk,Colombia
72,10,3,0,Dark,Medium,No Milk,Colombia
73,1,1,1,Light,Large,No Milk,Ethiopia
73,1,2,0,Medium,Small,Oat Milk,Ethiopia
73,1,3,0,Dark,Large,No Milk,Ethiopia
73,2,1,0,Medium,Large,Whole Milk,Brazil
73,2,2,1,Medium,Small,No Milk,Colombia
73,2,3,0,Light,Small,Oat Milk,Brazil
73,3,1,0,Dark,Small,No Milk,Brazil
73,3,2,0,Medium,Large,Whole Milk,Colombia
73,3,3,1,Medium,Medium,Oat Milk,Colombia
73,4,1,0,Light,Large,No Milk,Brazil
73,4,2,1,Light,Medium,No Milk,Ethiopia
73,4,3,0,Light,Large,Oat Milk,Colombia
73,5,1,0,Light,Large,Whole Milk,Brazil
73,5,2,0,Light,Large,Whole Milk,Brazil
73,5,3,1,Light,Small,Oat Milk,Colombia
73,6,1,0,Light,Small,Oat Milk,Colombia
73,6,2,1,Light,Small,Oat Milk,Ethiopia
73,6,3,0,Dark,Large,No Milk,Colombia
73,7,1,0,Medium,Small,Whole Milk,Ethiopia
73,7,2,1,Medium,Small,Oat Milk,Ethiopia
73,7,3,0,Medium,Large,Oat Milk,Colombia
73,8,1,0,Light,Small,No Milk,Colombia
73,8,2,1,Dark,Medium,No Milk,Ethiopia
73,8,3,0,Dark,Small,Oat Milk,Colombia
73,9,1,0,Medium,Medium,Oat Milk,Ethiopia
73,9,2,0,Dark,Small,Whole Milk,Brazil
73,9,3,1,Light,Medium,Oat Milk,Brazil
73,10,1,0,Dark,Large,Whole Milk,Brazil
73,10,2,1,Dark,Medium,No Milk,Brazil
73,10,3,0,Light,Small,Whole Milk,Brazil
74,1,1,0,Medium,Large,Oat Milk,Colombia
74,1,2,0,Light,Small,No Milk,Colombia
74,1,3,1,Dark,Medium,Whole Milk,Ethiopia
74,2,1,1,Medium,Large,Whole Milk,Colombia
74,2,2,0,Light,Medium,Oat Milk,Brazil
74,2,3,0,Dark,Small,No Milk,Brazil
74,3,1,0,Light,Medium,No Milk,Brazil
74,3,2,1,Dark,Small,Whole Milk,Ethiopia
74,3,3,0,Dark,Large,No Milk,Colombia
74,4,1,0,Dark,Medium,Whole Milk,Ethiopia
74,4,2,0,Medium,Small,No Milk,Colombia
74,4,3,1,Light,Large,Whole Milk,Colombia
74,5,1,0,Dark,Medium,Whole Milk,Brazil
74,5,2,1,Medium,Medium,No Milk,Ethiopia
74,5,3,0,Dark,Small,No Milk,Colombia
74,6,1,0,Light,Medium,No Milk,Brazil
74,6,2,1,Medium,Small,Oat Milk,Colombia
74,6,3,0,Light,Small,Whole Milk,Colombia
74,7,1,1,Medium,Large,Whole Milk,Ethiopia
74,7,2,0,Dark,Large,Oat Milk,Brazil
74,7,3,0,Dark,Medium,Oat Milk,Colombia
74,8,1,1,Light,Medium,No Milk,Brazil
74,8,2,0,Light,Medium,No Milk,Brazil
74,8,3,0,Dark,Small,Whole Milk,Brazil
74,9,1,1,Dark,Medium,Whole Milk,Brazil
74,9,2,0,Light,Medium,No Milk,Ethiopia
74,9,3,0,Dark,Large,Oat Milk,Colombia
74,10,1,0,Dark,Large,Oat Milk,Ethiopia
74,10,2,0,Medium,Small,Oat Milk,Colombia
74,10,3,1,Light,Small,Whole Milk,Ethiopia
75,1,1,1,Medium,Large,Oat Milk,Colombia
75,1,2,0,Light,Large,No Milk,Brazil
75,1,3,0,Medium,Small,No Milk,Colombia
75,2,1,0,Dark,Small,No Milk,Colombia
75,2,2,0,Medium,Small,Whole Milk,Brazil
75,2,3,1,Light,Small,Whole Milk,Brazil
75,3,1,0,Dark,Small,No Milk,Colombia
75,3,2,1,Dark,Medium,No Milk,Ethiopia
75,3,3,0,Light,Small,No Milk,Brazil
75,4,1,1,Dark,Large,No Milk,Colombia
75,4,2,0,Light,Large,Oat Milk,Colombia
75,4,3,0,Medium,Small,No Milk,Colombia
75,5,1,1,Medium,Medium,No Milk,Ethiopia
75,5,2,0,Light,Large,Oat Milk,Brazil
75,5,3,0,Light,Medium,No Milk,Colombia
75,6,1,1,Medium,Medium,No Milk,Brazil
75,6,2,0,Medium,Small,No Milk,Brazil
75,6,3,0,Medium,Large,Oat Milk,Brazil
75,7,1,0,Medium,Small,Whole Milk,Brazil
75,7,2,1,Medium,Medium,No Milk,Ethiopia
75,7,3,0,Dark,Medium,Oat Milk,Brazil
75,8,1,0,Light,Small,Whole Milk,Colombia
75,8,2,1,Medium,Medium,Whole Milk,Ethiopia
75,8,3,0,Light,Large,Oat Milk,Brazil
75,9,1,0,Light,Medium,No Milk,Colombia
75,9,2,1,Medium,Medium,Oat Milk,Ethiopia
75,9,3,0,Medium,Large,Whole Milk,Ethiopia
75,10,1,0,Dark,Small,Oat Milk,Ethiopia
75,10,2,0,Dark,Large,Oat Milk,Brazil
75,10,3,1,Light,Medium,No Milk,Brazil
76,1,1,0,Medium,Small,No Milk,Colombia
76,1,2,1,Medium,Small,Oat Milk,Ethiopia
76,1,3,0,Dark,Medium,No Milk,Colombia
76,2,1,1,Light,Large,No Milk,Colombia
76,2,2,0,Dark,Small,Oat Milk,Brazil
76,2,3,0,Medium,Medium,No Milk,Brazil
76,3,1,1,Dark,Small,Oat Milk,Brazil
76,3,2,0,Light,Small,Oat Milk,Colombia
76,3,3,0,Light,Small,Whole Milk,Ethiopia
76,4,1,0,Light,Medium,Whole Milk,Colombia
76,4,2,1,Dark,Medium,Oat Milk,Ethiopia
76,4,3,0,Medium,Large,Whole Milk,Colombia
76,5,1,0,Light,Small,Whole Milk,Colombia
76,5,2,0,Light,Large,No Milk,Colombia
76,5,3,1,Medium,Large,Oat Milk,Brazil
76,6,1,1,Medium,Large,Whole Milk,Ethiopia
76,6,2,0,Medium,Small,Oat Milk,Colombia
76,6,3,0,Light,Large,No Milk,Ethiopia
76,7,1,1,Light,Medium,No Milk,Brazil
76,7,2,0,Dark,Small,Whole Milk,Ethiopia
76,7,3,0,Dark,Large,Oat Milk,Ethiopia
76,8,1,0,Medium,Large,Oat Milk,Colombia
76,8,2,1,Light,Small,Oat Milk,Brazil
76,8,3,0,Medium,Small,No Milk,Ethiopia
76,9,1,0,Light,Small,No Milk,Brazil
76,9,2,0,Medium,Small,Whole Milk,Colombia
76,9,3,1,Light,Small,Oat Milk,Colombia
76,10,1,0,Dark,Small,Whole Milk,Ethiopia
76,10,2,1,Medium,Small,Oat Milk,Colombia
76,10,3,0,Medium,Medium,Whole Milk,Colombia
77,1,1,1,Light,Large,Oat Milk,Ethiopia
77,1,2,0,Light,Medium,No Milk,Colombia
77,1,3,0,Light,Large,No Milk,Brazil
77,2,1,0,Light,Large,Whole Milk,Colombia
77,2,2,0,Light,Large,Whole Milk,Brazil
77,2,3,1,Dark,Medium,Oat Milk,Colombia
77,3,1,0,Medium,Large,Oat Milk,Colombia
77,3,2,1,Dark,Medium,No Milk,Colombia
77,3,3,0,Dark,Small,No Milk,Brazil
77,4,1,1,Medium,Small,No Milk,Colombia
77,4,2,0,Medium,Large,No Milk,Ethiopia
77,4,3,0,Medium,Small,Oat Milk,Colombia
77,5,1,0,Dark,Medium,Oat Milk,Colombia
77,5,2,1,Dark,Medium,Oat Milk,Ethiopia
77,5,3,0,Medium,Large,No Milk,Colombia
77,6,1,1,Medium,Small,Oat Milk,Ethiopia
77,6,2,0,Dark,Large,No Milk,Ethiopia
77,6,3,0,Dark,Medium,Oat Milk,Colombia
77,7,1,1,Dark,Medium,Oat Milk,Brazil
77,7,2,0,Dark,Small,Whole Milk,Colombia
77,7,3,0,Dark,Small,No Milk,Colombia
77,8,1,0,Light,Large,Oat Milk,Colombia
77,8,2,1,Medium,Large,No Milk,Ethiopia
77,8,3,0,Dark,Large,Oat Milk,Colombia
77,9,1,0,Dark,Small,Oat Milk,Ethiopia
77,9,2,1,Medium,Small,Oat Milk,Ethiopia
77,9,3,0,Medium,Small,Whole Milk,Brazil
77,10,1,0,Medium,Medium,No Milk,Brazil
77,10,2,0,Medium,Small,Whole Milk,Colombia
77,10,3,1,Light,Large,Oat Milk,Colombia
78,1,1,0,Light,Small,No Milk,Ethiopia
78,1,2,1,Medium,Large,Oat Milk,Ethiopia
78,1,3,0,Dark,Medium,No Milk,Colombia
78,2,1,0,Medium,Medium,Oat Milk,Colombia
78,2,2,0,Medium,Medium,Oat Milk,Brazil
78,2,3,1,Light,Large,Oat Milk,Ethiopia
78,3,1,0,Dark,Medium,No Milk,Brazil
78,3,2,0,Dark,Small,No Milk,Brazil
78,3,3,1,Dark,Small,Oat Milk,Brazil
78,4,1,0,Dark,Large,Whole Milk,Brazil
78,4,2,1,Light,Medium,No Milk,Ethiopia
78,4,3,0,Light,Large,Oat Milk,Ethiopia
78,5,1,0,Light,Medium,No Milk,Brazil
78,5,2,0,Dark,Small,No Milk,Colombia
78,5,3,1,Light,Medium,Whole Milk,Brazil
78,6,1,0,Dark,Medium,No Milk,Ethiopia
78,6,2,0,Light,Large,Whole Milk,Colombia
78,6,3,1,Medium,Small,Oat Milk,Ethiopia
78,7,1,1,Light,Large,Oat Milk,Brazil
78,7,2,0,Medium,Medium,Oat Milk,Ethiopia
78,7,3,0,Medium,Large,Oat Milk,Colombia
78,8,1,1,Medium,Medium,Oat Milk,Colombia
78,8,2,0,Light,Large,Oat Milk,Ethiopia
78,8,3,0,Dark,Large,Whole Milk,Ethiopia
78,9,1,0,Dark,Large,No Milk,Colombia
78,9,2,0,Light,Small,Whole Milk,Colombia
78,9,3,1,Medium,Small,Oat Milk,Brazil
78,10,1,0,Dark,Small,Whole Milk,Ethiopia
78,10,2,1,Light,Large,Oat Milk,Ethiopia
78,10,3,0,Medium,Large,Oat Milk,Colombia
79,1,1,0,Medium,Small,Whole Milk,Ethiopia
79,1,2,1,Dark,Medium,Oat Milk,Ethiopia
79,1,3,0,Light,Medium,No Milk,Colombia
79,2,1,0,Medium,Large,Whole Milk,Brazil
79,2,2,1,Light,Large,Oat Milk,Colombia
79,2,3,0,Medium,Small,Whole Milk,Brazil
79,3,1,0,Light,Large,Oat Milk,Colombia
79,3,2,1,Medium,Large,No Milk,Ethiopia
79,3,3,0,Dark,Small,Oat Milk,Colombia
79,4,1,0,Light,Large,No Milk,Brazil
79,4,2,1,Medium,Large,Oat Milk,Brazil
79,4,3,0,Medium,Small,No Milk,Colombia
79,5,1,0,Light,Large,Whole Milk,Colombia
79,5,2,0,Dark,Large,No Milk,Brazil
79,5,3,1,Dark,Large,No Milk,Ethiopia
79,6,1,1,Medium,Small,No Milk,Brazil
79,6,2,0,Medium,Small,Whole Milk,Colombia
79,6,3,0,Medium,Medium,Whole Milk,Colombia
79,7,1,1,Light,Large,No Milk,Brazil
79,7,2,0,Light,Small,Oat Milk,Brazil
79,7,3,0,Light,Medium,Oat Milk,Colombia
79,8,1,0,Medium,Medium,No Milk,Ethiopia
79,8,2,1,Light,Medium,No Milk,Ethiopia
79,8,3,0,Light,Small,Whole Milk,Ethiopia
79,9,1,0,Medium,Large,Oat Milk,Colombia
79,9,2,0,Light,Small,Whole Milk,Brazil
79,9,3,1,Light,Small,Oat Milk,Ethiopia
79,10,1,0,Dark,Large,Whole Milk,Colombia
79,10,2,1,Dark,Medium,No Milk,Colombia
79,10,3,0,Dark,Small,Whole Milk,Brazil
80,1,1,0,Light,Small,Oat Milk,Brazil
80,1,2,1,Medium,Medium,Whole Milk,Ethiopia
80,1,3,0,Medium,Small,Oat Milk,Colombia
80,2,1,0,Dark,Medium,Oat Milk,Colombia
80,2,2,1,Dark,Medium,No Milk,Colombia
80,2,3,0,Medium,Medium,Oat Milk,Ethiopia
80,3,1,0,Medium,Medium,Whole Milk,Colombia
80,3,2,0,Medium,Small,Whole Milk,Ethiopia
80,3,3,1,Dark,Small,Oat Milk,Colombia
80,4,1,1,Dark,Medium,Whole Milk,Ethiopia
80,4,2,0,Dark,Large,Oat Milk,Ethiopia
80,4,3,0,Light,Medium,Oat Milk,Colombia
80,5,1,0,Light,Small,Whole Milk,Ethiopia
80,5,2,0,Medium,Small,No Milk,Ethiopia
80,5,3,1,Dark,Medium,No Milk,Ethiopia
80,6,1,0,Medium,Small,Whole Milk,Colombia
80,6,2,0,Dark,Small,Whole Milk,Colombia
80,6,3,1,Medium,Large,Whole Milk,Brazil
80,7,1,1,Dark,Medium,Whole Milk,Ethiopia
80,7,2,0,Medium,Small,No Milk,Colombia
80,7,3,0,Medium,Small,Oat Milk,Ethiopia
80,8,1,1,Medium,Small,Whole Milk,Ethiopia
80,8,2,0,Light,Large,No Milk,Ethiopia
80,8,3,0,Dark,Small,Oat Milk,Ethiopia
80,9,1,0,Medium,Small,Whole Milk,Brazil
80,9,2,0,Dark,Small,No Milk,Ethiopia
80,9,3,1,Medium,Large,Oat Milk,Ethiopia
80,10,1,0,Medium,Medium,No Milk,Brazil
80,10,2,0,Medium,Large,No Milk,Ethiopia
80,10,3,1,Medium,Medium,Whole Milk,Colombia
