player_id,engagement_segment,region,platform,membership_tier,hours_per_week,matches_per_week,in_game_spend
P0001,Core,NA,Console,Standard,15.3,39.4,23.47
P0002,Core,NA,PC,Free,12.3,28.1,10.06
P0003,Casual,EU,PC,Standard,24.2,31.1,20.2
P0004,Core,NA,Console,Standard,11.7,26.6,19.74
P0005,Competitive,EU,PC,Premium,26.8,48.5,54.33
P0006,Core,NA,Mobile,Standard,20.3,14.5,7.63
P0007,Casual,NA,PC,Standard,18.2,24.3,27.22
P0008,Core,APAC,Console,Free,20.7,28.5,44.88
P0009,Competitive,APAC,Console,Free,25.5,48.9,46.1
P0010,Competitive,NA,PC,Standard,16.1,40.2,20.99
P0011,Casual,NA,PC,Free,18.8,26.9,22.84
P0012,Competitive,NA,Mobile,Free,10.4,29.6,12.51
P0013,Core,NA,PC,Free,15.1,34.4,5.89
P0014,Casual,EU,Mobile,Free,3.7,28.5,0.0
P0015,Competitive,NA,Mobile,Free,7.9,25.3,20.98
P0016,Core,NA,PC,Standard,31.3,37.0,27.85
P0017,Competitive,EU,Console,Free,13.2,18.4,32.24
P0018,Core,NA,PC,Premium,19.9,36.0,40.0
P0019,Core,NA,Console,Standard,19.6,34.2,41.84
P0020,Casual,NA,PC,Standard,20.5,27.5,17.04
P0021,Core,APAC,PC,Standard,18.0,34.5,26.15
P0022,Casual,EU,PC,Free,12.8,32.0,0.62
P0023,Casual,APAC,PC,Standard,19.2,31.1,28.66
P0024,Core,APAC,Console,Free,14.4,44.8,24.82
P0025,Competitive,EU,PC,Standard,19.9,38.4,37.23
P0026,Casual,NA,PC,Free,19.9,30.0,3.28
P0027,Casual,NA,Console,Free,18.8,29.1,0.0
P0028,Core,EU,PC,Free,17.5,19.6,0.0
P0029,Core,NA,Console,Standard,19.7,36.0,10.93
P0030,Competitive,APAC,Mobile,Premium,23.8,47.8,58.12
P0031,Competitive,APAC,PC,Standard,22.7,45.4,59.51
P0032,Competitive,EU,Console,Free,7.2,23.5,29.55
P0033,Competitive,APAC,Mobile,Premium,20.1,37.1,42.74
P0034,Core,NA,Console,Free,13.1,36.3,15.81
P0035,Casual,EU,PC,Standard,21.5,31.1,30.78
P0036,Core,EU,Mobile,Free,8.3,16.6,40.42
P0037,Core,EU,PC,Free,12.0,34.3,29.73
P0038,Core,NA,PC,Free,14.4,26.3,15.46
P0039,Core,EU,PC,Standard,21.1,47.2,19.54
P0040,Competitive,NA,Console,Free,13.5,42.1,26.92
P0041,Core,NA,PC,Premium,20.6,36.8,76.21
P0042,Competitive,APAC,PC,Standard,18.7,40.0,27.7
P0043,Competitive,EU,Console,Standard,20.0,47.0,57.07
P0044,Core,EU,PC,Standard,17.1,25.8,32.77
P0045,Competitive,APAC,PC,Free,16.4,46.7,24.14
P0046,Competitive,APAC,PC,Standard,17.7,48.4,58.61
P0047,Competitive,NA,Console,Free,10.9,20.1,19.74
P0048,Core,NA,Console,Free,23.1,29.9,18.32
P0049,Casual,NA,Mobile,Standard,13.8,22.7,25.74
P0050,Core,NA,Mobile,Standard,16.3,18.5,43.25
P0051,Core,EU,PC,Standard,12.0,41.7,13.7
P0052,Competitive,NA,PC,Free,22.9,30.0,19.26
P0053,Casual,NA,Console,Free,20.6,35.0,23.86
P0054,Competitive,EU,PC,Free,16.8,29.7,18.73
P0055,Core,NA,PC,Standard,24.6,28.1,10.0
P0056,Core,APAC,Mobile,Free,19.2,20.1,17.64
P0057,Competitive,NA,Console,Standard,17.2,43.0,34.84
P0058,Competitive,EU,Console,Free,13.0,42.2,16.56
P0059,Competitive,EU,Console,Free,21.3,50.7,16.86
P0060,Competitive,EU,Console,Standard,13.1,41.4,31.96
P0061,Competitive,EU,PC,Premium,25.2,49.2,64.91
P0062,Casual,NA,PC,Free,23.6,23.3,31.65
P0063,Core,APAC,Mobile,Free,16.7,23.5,7.46
P0064,Competitive,NA,PC,Free,9.3,29.8,1.05
P0065,Core,APAC,PC,Free,20.2,46.8,0.0
P0066,Casual,NA,Console,Free,17.1,21.1,0.0
P0067,Core,NA,PC,Premium,28.5,43.1,77.09
P0068,Core,EU,PC,Standard,19.9,33.1,41.98
P0069,Competitive,NA,PC,Standard,19.2,46.7,21.5
P0070,Competitive,NA,PC,Free,13.5,35.0,17.75
P0071,Competitive,APAC,PC,Standard,23.4,46.6,15.54
P0072,Casual,NA,Console,Free,11.5,17.5,8.89
P0073,Competitive,EU,Console,Premium,21.5,43.7,71.95
P0074,Core,EU,PC,Premium,14.2,30.6,59.3
P0075,Casual,APAC,PC,Standard,27.5,49.7,30.41
P0076,Competitive,APAC,PC,Free,22.0,31.4,26.18
P0077,Core,NA,Mobile,Premium,16.3,33.3,54.31
P0078,Casual,EU,PC,Standard,19.4,16.8,55.16
P0079,Core,EU,PC,Standard,16.6,35.3,16.0
P0080,Core,EU,PC,Standard,19.0,35.1,16.6
P0081,Competitive,NA,PC,Standard,20.6,35.7,20.31
P0082,Competitive,NA,PC,Free,13.2,39.8,19.46
P0083,Casual,NA,PC,Premium,13.2,36.1,44.99
P0084,Competitive,APAC,PC,Standard,26.3,23.9,14.76
P0085,Core,NA,PC,Standard,22.2,42.0,47.35
P0086,Competitive,EU,PC,Standard,17.6,30.0,21.05
P0087,Competitive,EU,Console,Premium,20.7,46.5,79.89
P0088,Competitive,APAC,PC,Standard,23.0,40.0,16.11
P0089,Competitive,EU,Console,Standard,24.8,38.1,17.53
P0090,Competitive,APAC,PC,Free,23.8,30.8,45.2
P0091,Competitive,APAC,Console,Standard,20.8,32.8,33.92
P0092,Competitive,APAC,PC,Premium,27.3,55.6,57.61
P0093,Casual,EU,Console,Premium,20.2,44.3,40.0
P0094,Casual,NA,Mobile,Free,8.8,26.1,24.73
P0095,Competitive,EU,PC,Premium,25.9,24.3,40.0
P0096,Competitive,NA,PC,Standard,16.4,38.3,32.96
P0097,Competitive,EU,Mobile,Premium,19.0,25.0,69.63
P0098,Core,NA,Console,Standard,16.7,38.8,48.07
P0099,Core,NA,PC,Standard,19.9,21.1,26.94
P0100,Casual,EU,PC,Free,14.6,26.9,22.67
P0101,Core,APAC,PC,Free,15.4,30.8,2.41
P0102,Core,NA,PC,Standard,20.0,45.9,40.78
P0103,Casual,EU,PC,Standard,24.8,24.2,34.59
P0104,Casual,EU,PC,Standard,20.2,39.2,40.91
P0105,Competitive,NA,PC,Premium,19.1,33.6,52.87
P0106,Competitive,APAC,PC,Free,16.4,42.4,13.02
P0107,Competitive,EU,Console,Premium,25.1,33.8,70.21
P0108,Core,EU,Console,Standard,16.0,43.2,43.0
P0109,Competitive,NA,PC,Free,19.0,37.5,33.25
P0110,Casual,NA,PC,Standard,23.7,35.4,46.83
P0111,Competitive,NA,PC,Free,13.8,37.5,16.64
P0112,Core,NA,Console,Standard,24.5,25.2,32.95
P0113,Competitive,NA,PC,Standard,25.5,33.3,35.81
P0114,Core,EU,PC,Standard,16.5,41.5,35.14
P0115,Casual,EU,PC,Free,12.4,43.9,23.19
P0116,Core,APAC,Console,Standard,21.6,35.5,12.24
P0117,Competitive,NA,PC,Free,21.9,24.1,9.18
P0118,Competitive,NA,PC,Standard,19.8,38.8,24.67
P0119,Competitive,EU,PC,Standard,10.9,37.1,55.64
P0120,Core,NA,PC,Premium,15.6,43.4,94.19
P0121,Core,APAC,PC,Premium,16.4,42.1,60.34
P0122,Core,NA,Mobile,Free,9.1,18.8,15.52
P0123,Core,APAC,Mobile,Standard,14.9,29.3,42.4
P0124,Core,NA,PC,Standard,21.7,25.8,20.66
P0125,Competitive,NA,Console,Standard,24.6,30.2,34.63
P0126,Competitive,EU,PC,Premium,23.6,55.8,40.0
P0127,Competitive,NA,PC,Standard,15.9,49.7,10.0
P0128,Competitive,APAC,PC,Free,19.2,38.4,16.11
P0129,Casual,NA,PC,Free,17.3,21.5,16.65
P0130,Competitive,APAC,PC,Free,23.2,38.8,4.05
P0131,Casual,EU,PC,Premium,21.8,42.7,57.62
P0132,Core,NA,PC,Standard,14.9,41.3,10.0
P0133,Competitive,NA,Console,Standard,12.4,39.3,38.72
P0134,Competitive,EU,Mobile,Premium,17.5,33.8,35.0
P0135,Core,NA,PC,Standard,18.7,17.7,51.23
P0136,Casual,NA,Console,Free,16.2,22.6,6.11
P0137,Competitive,NA,Mobile,Free,13.6,34.1,7.79
P0138,Competitive,APAC,PC,Standard,20.8,55.7,10.0
P0139,Casual,NA,PC,Standard,12.3,23.1,36.33
P0140,Core,EU,PC,Free,15.5,39.4,8.55
P0141,Casual,EU,Mobile,Free,18.6,12.3,10.85
P0142,Casual,NA,Mobile,Standard,7.9,37.8,22.95
P0143,Casual,NA,Mobile,Standard,13.1,21.3,42.31
P0144,Competitive,APAC,Console,Free,14.4,35.6,4.66
P0145,Competitive,NA,PC,Premium,25.7,47.1,63.88
P0146,Core,APAC,PC,Standard,18.3,48.4,38.72
P0147,Competitive,EU,PC,Free,13.6,35.1,24.98
P0148,Competitive,APAC,Console,Standard,20.1,45.2,47.08
P0149,Competitive,NA,PC,Standard,19.5,39.3,43.47
P0150,Casual,NA,PC,Premium,21.0,34.2,55.43
P0151,Core,NA,PC,Free,13.6,36.4,45.73
P0152,Casual,EU,PC,Free,21.8,30.8,22.09
P0153,Core,EU,Console,Standard,14.3,44.0,39.49
P0154,Competitive,NA,PC,Premium,21.9,40.3,73.14
P0155,Competitive,NA,PC,Premium,18.4,44.3,63.5
P0156,Competitive,NA,PC,Free,14.2,28.6,11.03
P0157,Competitive,APAC,Console,Standard,20.7,35.6,17.69
P0158,Casual,NA,PC,Free,17.1,23.5,17.96
P0159,Competitive,NA,Console,Standard,13.0,23.3,29.65
P0160,Competitive,APAC,PC,Standard,15.2,61.1,21.14
P0161,Casual,NA,Mobile,Free,12.1,19.7,7.64
P0162,Competitive,EU,Console,Free,18.6,42.9,22.05
P0163,Competitive,APAC,PC,Free,23.8,38.2,28.29
P0164,Core,NA,PC,Standard,21.9,33.6,10.57
P0165,Casual,APAC,Mobile,Standard,16.1,40.3,37.84
P0166,Core,NA,PC,Free,8.2,31.6,16.51
P0167,Core,EU,PC,Free,18.5,27.8,27.98
P0168,Competitive,APAC,Console,Free,22.0,31.7,35.81
P0169,Competitive,NA,PC,Free,19.0,21.8,20.56
P0170,Competitive,EU,PC,Premium,19.9,48.0,61.27
P0171,Competitive,APAC,PC,Premium,19.1,41.9,44.57
P0172,Core,APAC,PC,Premium,29.0,46.2,76.95
P0173,Competitive,NA,PC,Premium,21.1,51.3,49.17
P0174,Competitive,NA,PC,Premium,22.3,44.9,62.35
P0175,Casual,NA,Console,Premium,13.5,37.9,56.38
P0176,Competitive,NA,PC,Premium,21.1,41.9,41.86
P0177,Core,NA,Console,Free,10.8,32.4,27.11
P0178,Casual,APAC,Console,Standard,21.1,42.3,23.66
P0179,Casual,NA,Console,Free,10.4,31.6,1.15
P0180,Competitive,EU,Mobile,Premium,20.6,33.1,49.22
P0181,Competitive,NA,Mobile,Free,14.6,19.8,25.34
P0182,Casual,APAC,PC,Free,17.0,22.8,6.31
P0183,Casual,NA,Mobile,Standard,16.0,22.1,23.13
P0184,Competitive,NA,PC,Free,12.9,41.0,23.69
P0185,Casual,EU,Mobile,Standard,14.4,37.3,32.89
P0186,Casual,APAC,Console,Free,23.5,51.3,0.03
P0187,Core,APAC,PC,Standard,19.4,35.1,37.8
P0188,Core,NA,Console,Standard,17.9,43.2,47.08
P0189,Casual,EU,PC,Free,17.1,43.8,49.38
P0190,Competitive,NA,PC,Free,10.8,25.9,15.52
P0191,Competitive,NA,Console,Free,21.0,26.2,29.38
P0192,Core,EU,PC,Premium,22.8,44.7,56.58
P0193,Core,EU,Mobile,Free,10.3,22.0,8.78
P0194,Competitive,APAC,PC,Free,19.0,35.8,0.0
P0195,Competitive,NA,PC,Premium,19.6,46.7,75.09
P0196,Competitive,NA,PC,Standard,23.8,32.1,38.63
P0197,Core,EU,PC,Free,16.1,17.3,0.0
P0198,Casual,NA,PC,Standard,20.4,28.7,36.87
P0199,Competitive,APAC,PC,Premium,27.9,50.1,91.81
P0200,Competitive,APAC,Console,Free,14.4,51.7,15.34
P0201,Core,NA,Console,Free,16.3,22.5,34.19
P0202,Casual,APAC,PC,Free,18.6,48.8,3.57
P0203,Core,NA,PC,Free,13.0,11.0,41.2
P0204,Core,EU,PC,Free,15.8,27.5,34.13
P0205,Core,NA,Console,Standard,15.3,40.0,38.32
P0206,Core,EU,Console,Premium,14.9,35.1,47.59
P0207,Competitive,EU,Console,Free,17.4,20.6,24.35
P0208,Core,EU,Console,Free,9.7,30.7,28.74
P0209,Core,EU,Console,Standard,22.2,25.9,49.14
P0210,Casual,NA,PC,Free,16.4,34.4,25.79
P0211,Competitive,NA,PC,Free,19.7,37.8,24.16
P0212,Core,NA,Console,Standard,16.2,32.4,43.0
P0213,Casual,NA,PC,Free,12.7,40.2,24.74
P0214,Competitive,EU,PC,Premium,22.5,35.1,40.0
P0215,Casual,NA,Console,Free,17.1,40.2,8.24
P0216,Competitive,NA,Console,Free,13.3,36.1,5.59
P0217,Casual,NA,Console,Free,14.9,38.9,0.0
P0218,Casual,EU,PC,Standard,14.8,40.1,29.3
P0219,Core,NA,PC,Standard,18.2,32.2,28.03
P0220,Competitive,EU,PC,Standard,18.2,39.8,27.65
P0221,Core,NA,Mobile,Premium,15.3,29.1,58.95
P0222,Casual,EU,Mobile,Standard,14.2,40.9,12.02
P0223,Core,APAC,Console,Free,22.4,39.3,31.43
P0224,Competitive,NA,PC,Free,20.3,31.6,10.36
P0225,Competitive,EU,PC,Free,11.1,31.0,17.1
P0226,Competitive,APAC,Console,Free,18.3,41.4,2.65
P0227,Core,EU,Mobile,Free,17.2,24.0,0.0
P0228,Competitive,NA,PC,Standard,15.1,50.0,41.81
P0229,Casual,NA,Console,Free,18.8,37.6,53.0
P0230,Casual,APAC,PC,Free,21.6,31.8,0.0
P0231,Competitive,EU,PC,Free,19.2,26.2,31.43
P0232,Casual,EU,PC,Standard,16.6,27.4,27.33
P0233,Core,EU,Console,Free,10.3,35.5,22.61
P0234,Casual,EU,PC,Standard,20.1,44.2,18.57
P0235,Casual,NA,Mobile,Free,14.5,21.8,5.13
P0236,Competitive,NA,Console,Free,8.1,36.2,8.41
P0237,Competitive,APAC,Console,Standard,24.0,45.2,45.83
P0238,Core,EU,PC,Premium,17.1,45.9,40.0
P0239,Casual,NA,Mobile,Free,10.6,21.9,2.86
P0240,Competitive,EU,PC,Free,17.5,21.9,41.85
P0241,Competitive,NA,Console,Standard,20.8,48.4,21.24
P0242,Core,NA,Console,Free,6.6,16.1,22.49
P0243,Core,NA,Console,Premium,21.4,34.3,54.64
P0244,Casual,EU,Console,Standard,25.4,29.6,52.46
P0245,Competitive,EU,Console,Standard,17.3,36.9,24.39
P0246,Core,NA,Mobile,Premium,21.8,31.4,62.7
P0247,Competitive,NA,PC,Premium,26.3,34.5,45.77
P0248,Casual,NA,Console,Free,12.4,27.3,24.59
P0249,Competitive,APAC,PC,Premium,28.8,40.3,51.04
P0250,Casual,NA,Mobile,Premium,13.1,35.6,62.52
P0251,Core,EU,PC,Premium,16.9,29.4,40.0
P0252,Casual,NA,Console,Free,19.1,24.4,23.39
P0253,Core,NA,PC,Standard,16.8,27.0,18.23
P0254,Competitive,NA,PC,Premium,26.8,41.6,53.0
P0255,Competitive,APAC,PC,Premium,30.0,47.9,98.02
P0256,Competitive,NA,Mobile,Standard,15.0,32.4,38.78
P0257,Core,NA,Mobile,Free,12.9,23.1,3.75
P0258,Core,NA,PC,Standard,14.0,39.3,20.35
P0259,Competitive,APAC,PC,Standard,21.8,31.2,26.05
P0260,Casual,NA,Console,Standard,15.5,35.2,11.45
P0261,Casual,NA,PC,Free,15.3,34.8,23.53
P0262,Core,NA,Console,Free,11.7,19.0,38.96
P0263,Core,NA,PC,Standard,20.6,53.0,34.06
P0264,Core,NA,Mobile,Premium,25.4,24.0,48.3
P0265,Competitive,NA,PC,Standard,20.4,27.0,57.57
P0266,Core,NA,PC,Standard,15.6,25.5,20.41
P0267,Competitive,EU,PC,Standard,21.9,27.5,41.95
P0268,Competitive,APAC,Console,Standard,20.0,36.5,24.29
P0269,Core,APAC,PC,Standard,27.5,44.6,27.28
P0270,Core,EU,PC,Standard,19.9,26.7,22.47
P0271,Competitive,APAC,PC,Standard,24.4,45.9,32.31
P0272,Core,EU,Mobile,Free,12.0,27.0,18.11
P0273,Competitive,NA,PC,Premium,29.3,31.9,42.26
P0274,Core,NA,PC,Premium,25.5,59.3,48.43
P0275,Casual,EU,PC,Free,13.8,22.5,15.55
P0276,Casual,NA,PC,Premium,18.2,36.3,63.77
P0277,Competitive,EU,PC,Premium,17.2,37.3,47.01
P0278,Competitive,NA,PC,Free,17.4,36.3,0.82
P0279,Competitive,NA,Console,Premium,23.5,36.2,47.71
P0280,Core,NA,PC,Free,11.1,23.6,18.27
P0281,Casual,NA,PC,Free,11.5,20.0,5.09
P0282,Competitive,NA,PC,Premium,18.1,39.5,49.18
P0283,Casual,NA,Mobile,Free,12.1,23.8,18.74
P0284,Competitive,NA,PC,Standard,25.3,33.9,26.51
P0285,Casual,NA,Mobile,Premium,18.7,36.3,79.97
P0286,Casual,NA,Mobile,Premium,21.5,25.6,37.22
P0287,Core,NA,PC,Standard,13.9,39.1,34.17
P0288,Competitive,NA,Mobile,Standard,21.0,28.6,10.68
P0289,Casual,NA,PC,Free,13.0,28.9,28.66
P0290,Core,EU,Console,Standard,20.6,27.3,14.09
P0291,Core,NA,Console,Free,9.6,37.1,36.77
P0292,Core,EU,Console,Premium,22.3,40.7,67.09
P0293,Competitive,NA,PC,Premium,19.3,55.0,61.0
P0294,Core,NA,PC,Standard,20.0,37.8,27.47
P0295,Competitive,NA,Mobile,Premium,13.2,26.5,81.54
P0296,Competitive,NA,PC,Premium,26.7,38.4,61.36
P0297,Core,EU,PC,Premium,23.4,59.7,68.56
P0298,Competitive,EU,Console,Free,14.1,30.6,4.05
P0299,Casual,EU,Console,Free,18.7,38.8,28.17
P0300,Core,NA,PC,Standard,23.4,32.2,14.61
P0301,Casual,APAC,PC,Standard,16.0,39.3,23.21
P0302,Competitive,APAC,PC,Free,20.9,30.6,34.33
P0303,Competitive,NA,PC,Free,20.7,30.6,17.34
P0304,Competitive,NA,PC,Standard,18.0,29.5,10.0
P0305,Core,NA,Console,Free,13.9,49.0,10.51
P0306,Core,EU,Console,Standard,15.6,38.9,40.81
P0307,Casual,NA,PC,Free,19.0,16.1,28.57
P0308,Core,APAC,Console,Standard,21.2,40.3,60.29
P0309,Competitive,NA,Console,Standard,19.5,40.3,15.51
P0310,Core,NA,PC,Standard,22.6,40.8,19.57
P0311,Core,NA,PC,Premium,15.7,50.2,66.23
P0312,Competitive,NA,PC,Premium,22.3,39.7,40.0
P0313,Competitive,EU,Mobile,Standard,15.9,28.8,5.0
P0314,Casual,EU,PC,Standard,19.3,32.7,19.14
P0315,Core,NA,Console,Standard,16.4,40.1,38.5
P0316,Core,EU,Console,Free,14.2,31.8,12.58
P0317,Competitive,EU,PC,Premium,21.9,28.3,74.28
P0318,Competitive,APAC,Console,Standard,25.8,44.8,16.0
P0319,Competitive,APAC,Console,Standard,24.7,31.4,28.86
P0320,Casual,EU,PC,Premium,17.1,36.5,56.54
P0321,Core,NA,PC,Standard,12.9,36.0,19.05
P0322,Casual,APAC,Mobile,Free,12.5,19.5,21.26
P0323,Competitive,EU,PC,Standard,10.3,44.1,50.93
P0324,Competitive,APAC,PC,Standard,22.6,61.1,41.95
P0325,Core,NA,PC,Free,15.9,36.9,0.0
P0326,Competitive,NA,Console,Premium,15.7,51.7,53.46
P0327,Casual,NA,Console,Free,9.7,29.0,36.36
P0328,Core,NA,Mobile,Free,12.8,20.6,23.74
P0329,Competitive,EU,PC,Premium,17.5,51.6,64.58
P0330,Core,EU,Console,Standard,13.5,35.9,15.04
P0331,Competitive,NA,PC,Free,12.0,45.9,0.56
P0332,Casual,EU,Mobile,Free,11.8,12.1,0.0
P0333,Core,NA,Mobile,Standard,10.5,32.1,48.78
P0334,Competitive,APAC,Console,Standard,23.0,42.2,45.76
P0335,Core,APAC,PC,Free,18.1,32.3,13.07
P0336,Casual,APAC,PC,Standard,22.4,27.9,41.75
P0337,Core,NA,Console,Standard,21.6,28.6,15.48
P0338,Core,NA,Console,Standard,7.5,19.3,27.05
P0339,Casual,APAC,Mobile,Standard,19.4,31.7,28.47
P0340,Competitive,EU,PC,Premium,25.0,50.0,47.97
P0341,Core,NA,Console,Free,12.6,42.7,37.92
P0342,Competitive,NA,PC,Premium,16.9,19.1,40.0
P0343,Competitive,NA,PC,Free,18.2,40.9,2.67
P0344,Casual,NA,Console,Standard,18.8,30.3,28.17
P0345,Competitive,APAC,PC,Free,16.8,30.8,18.65
P0346,Core,NA,PC,Free,11.6,25.2,23.84
P0347,Competitive,NA,Mobile,Standard,14.9,24.0,50.03
P0348,Core,NA,PC,Premium,22.6,36.5,47.5
P0349,Core,NA,PC,Premium,25.1,42.4,68.34
P0350,Core,NA,PC,Premium,23.7,49.0,51.62
P0351,Core,NA,Console,Standard,14.3,44.3,10.0
P0352,Core,EU,Mobile,Free,11.8,24.9,13.97
P0353,Competitive,EU,PC,Free,10.4,42.1,12.15
P0354,Competitive,NA,PC,Premium,29.9,40.6,76.07
P0355,Core,NA,Mobile,Free,18.4,39.8,39.99
P0356,Core,APAC,PC,Free,15.0,51.0,11.21
P0357,Competitive,APAC,PC,Standard,18.3,47.4,33.59
P0358,Competitive,APAC,Mobile,Free,16.1,45.8,0.0
P0359,Competitive,EU,PC,Premium,19.6,52.5,40.0
P0360,Core,APAC,PC,Free,20.6,32.5,23.53
P0361,Core,EU,Console,Standard,14.1,28.9,52.58
P0362,Core,EU,PC,Premium,27.2,37.9,63.31
P0363,Core,NA,Console,Premium,26.0,34.2,54.12
P0364,Core,APAC,PC,Free,19.0,46.0,7.12
P0365,Competitive,EU,PC,Free,17.3,37.3,22.29
P0366,Core,NA,PC,Standard,15.9,36.3,30.58
P0367,Competitive,APAC,Console,Premium,26.1,46.0,40.0
P0368,Competitive,EU,PC,Premium,22.6,40.2,83.79
P0369,Casual,NA,PC,Free,7.8,24.9,18.03
P0370,Casual,NA,Mobile,Free,11.6,32.0,7.63
P0371,Casual,EU,PC,Standard,21.6,40.8,35.66
P0372,Competitive,EU,Mobile,Standard,19.4,29.3,30.4
P0373,Competitive,NA,PC,Premium,16.9,35.2,56.98
P0374,Core,NA,PC,Free,13.0,39.0,33.4
P0375,Competitive,NA,PC,Premium,21.1,41.7,60.96
P0376,Core,EU,PC,Free,8.8,26.1,30.69
P0377,Competitive,NA,Console,Premium,24.8,35.8,69.39
P0378,Casual,NA,PC,Premium,5.2,38.3,46.52
P0379,Core,NA,PC,Standard,22.4,22.2,40.82
P0380,Competitive,NA,PC,Standard,22.6,29.7,65.54
P0381,Competitive,APAC,Console,Premium,17.6,43.1,68.4
P0382,Competitive,NA,Console,Free,14.9,39.5,38.13
P0383,Competitive,NA,Console,Free,13.7,37.9,38.56
P0384,Core,NA,Console,Premium,23.9,46.9,71.08
P0385,Casual,EU,PC,Free,10.8,10.2,5.46
P0386,Competitive,APAC,Console,Standard,25.8,42.4,58.71
P0387,Competitive,NA,Mobile,Free,9.7,11.5,25.72
P0388,Competitive,NA,Console,Standard,16.9,34.6,53.27
P0389,Core,APAC,Console,Standard,23.5,45.9,26.71
P0390,Casual,NA,Mobile,Standard,11.2,9.4,30.45
P0391,Competitive,EU,Console,Premium,24.4,29.0,74.62
P0392,Casual,EU,Console,Free,12.8,27.1,2.78
P0393,Casual,NA,PC,Standard,12.5,36.6,37.78
P0394,Core,NA,PC,Standard,14.6,39.7,51.71
P0395,Competitive,APAC,PC,Premium,22.8,57.8,69.15
P0396,Competitive,NA,Console,Standard,18.6,35.7,26.4
P0397,Core,EU,PC,Standard,16.4,31.3,10.0
P0398,Casual,EU,Console,Free,12.7,31.3,4.8
P0399,Competitive,NA,Console,Standard,19.2,20.3,35.54
P0400,Core,NA,PC,Free,9.2,33.8,47.24
P0401,Casual,NA,PC,Standard,12.1,38.0,10.0
P0402,Competitive,EU,Console,Premium,24.1,58.1,84.1
P0403,Competitive,NA,Console,Standard,13.0,37.9,53.2
P0404,Casual,APAC,PC,Standard,21.5,43.0,40.8
P0405,Casual,EU,Console,Standard,22.1,28.6,64.47
P0406,Competitive,NA,PC,Free,5.6,24.5,7.71
P0407,Core,NA,Mobile,Free,14.0,28.1,10.4
P0408,Core,EU,Console,Free,12.1,28.5,12.99
P0409,Core,APAC,Mobile,Premium,23.8,32.2,38.67
P0410,Core,NA,PC,Free,7.7,24.9,2.04
P0411,Competitive,NA,PC,Premium,18.4,53.3,47.47
P0412,Competitive,NA,PC,Free,19.4,40.1,31.56
P0413,Competitive,APAC,PC,Standard,22.6,43.1,58.97
P0414,Competitive,NA,PC,Premium,20.1,40.1,49.61
P0415,Casual,NA,Console,Standard,19.9,32.2,36.71
P0416,Core,EU,PC,Premium,15.0,36.1,40.0
P0417,Casual,NA,PC,Standard,14.7,26.6,11.02
P0418,Core,APAC,Console,Standard,18.5,19.4,14.68
P0419,Competitive,APAC,Console,Standard,16.2,23.1,31.53
P0420,Competitive,NA,PC,Free,23.0,33.9,14.91
P0421,Core,NA,Console,Free,12.4,26.0,25.12
P0422,Competitive,APAC,Console,Free,19.5,40.6,10.8
P0423,Casual,NA,Mobile,Premium,17.8,24.3,45.38
P0424,Casual,NA,Mobile,Free,7.8,33.0,37.88
P0425,Core,NA,Console,Standard,15.3,27.4,30.18
P0426,Core,APAC,PC,Standard,22.3,41.1,25.71
P0427,Competitive,NA,PC,Standard,13.3,35.2,15.18
P0428,Competitive,APAC,Console,Premium,26.6,47.4,61.74
P0429,Competitive,EU,PC,Free,15.1,31.1,41.86
P0430,Core,APAC,PC,Standard,28.4,51.3,17.69
P0431,Competitive,EU,PC,Free,16.6,27.8,0.0
P0432,Casual,EU,PC,Free,12.0,40.1,26.56
P0433,Competitive,EU,Console,Free,13.7,32.7,17.7
P0434,Competitive,NA,Mobile,Free,17.6,27.6,23.0
P0435,Core,NA,PC,Premium,20.4,54.4,56.42
P0436,Core,NA,Mobile,Free,13.3,23.6,29.73
P0437,Competitive,APAC,PC,Free,10.4,38.1,0.0
P0438,Casual,NA,PC,Standard,19.9,41.4,17.59
P0439,Casual,NA,PC,Standard,22.7,29.9,10.0
P0440,Core,APAC,PC,Free,12.7,16.9,24.24
P0441,Core,NA,PC,Free,17.3,25.5,34.81
P0442,Competitive,NA,PC,Standard,26.8,28.5,31.94
P0443,Competitive,APAC,PC,Premium,26.6,51.5,72.99
P0444,Competitive,NA,Console,Free,12.9,11.1,32.99
P0445,Core,EU,PC,Standard,25.0,33.8,40.13
P0446,Competitive,APAC,Console,Standard,20.4,56.2,43.57
P0447,Competitive,EU,PC,Premium,21.5,45.4,89.45
P0448,Competitive,NA,PC,Free,17.9,30.6,20.39
P0449,Casual,NA,PC,Standard,18.0,32.2,29.8
P0450,Core,EU,PC,Free,12.0,47.6,22.72
P0451,Competitive,EU,PC,Premium,24.5,35.7,75.8
P0452,Competitive,EU,Console,Standard,21.6,39.7,54.57
P0453,Core,NA,PC,Standard,22.3,32.8,11.77
P0454,Core,NA,Console,Standard,22.9,40.1,12.22
P0455,Casual,NA,Mobile,Free,17.3,14.3,34.8
P0456,Casual,APAC,Console,Standard,22.8,44.2,43.29
P0457,Competitive,NA,PC,Premium,24.2,40.1,41.26
P0458,Competitive,EU,PC,Free,12.5,24.3,25.57
P0459,Core,NA,PC,Free,11.6,29.7,7.98
P0460,Competitive,APAC,PC,Standard,20.7,34.0,20.97
P0461,Competitive,EU,PC,Premium,21.7,35.0,67.04
P0462,Competitive,NA,PC,Free,11.9,37.1,4.84
P0463,Core,NA,PC,Standard,10.4,25.7,34.19
P0464,Core,NA,PC,Standard,23.3,45.0,25.48
P0465,Competitive,NA,Console,Standard,14.4,36.4,10.0
P0466,Core,EU,PC,Free,12.3,18.7,0.0
P0467,Core,EU,PC,Standard,17.2,31.2,27.53
P0468,Core,APAC,PC,Free,17.5,40.2,0.0
P0469,Core,APAC,Console,Free,21.4,21.3,15.94
P0470,Casual,NA,Mobile,Standard,11.6,34.4,36.44
P0471,Core,EU,PC,Standard,17.4,36.4,10.0
P0472,Casual,NA,PC,Free,18.2,39.6,42.95
P0473,Casual,EU,Console,Standard,20.6,15.5,48.21
P0474,Competitive,APAC,PC,Premium,31.3,38.0,64.77
P0475,Competitive,APAC,PC,Free,18.4,30.6,26.1
P0476,Core,NA,PC,Premium,20.4,34.8,41.84
P0477,Core,NA,Mobile,Standard,9.0,24.5,7.88
P0478,Core,NA,Console,Standard,15.3,31.1,18.54
P0479,Casual,NA,Console,Free,21.8,29.2,30.99
P0480,Casual,APAC,Mobile,Premium,26.2,36.5,59.53
P0481,Core,NA,PC,Free,12.8,28.3,31.45
P0482,Core,EU,PC,Free,14.3,20.6,29.41
P0483,Casual,NA,Mobile,Free,7.1,16.7,4.77
P0484,Competitive,EU,Console,Free,9.0,22.0,45.24
P0485,Core,APAC,Console,Standard,25.4,38.5,25.04
P0486,Core,EU,PC,Free,21.0,34.6,17.07
P0487,Core,NA,Console,Premium,13.2,54.3,43.21
P0488,Casual,EU,Mobile,Free,13.8,10.5,6.49
P0489,Casual,NA,PC,Free,17.2,41.5,31.9
P0490,Core,NA,Console,Free,10.7,36.3,14.04
P0491,Core,NA,Console,Standard,14.3,30.8,35.07
P0492,Competitive,NA,PC,Premium,26.3,38.8,40.59
P0493,Competitive,NA,Mobile,Premium,24.2,35.9,47.22
P0494,Competitive,NA,PC,Free,11.2,22.4,15.67
P0495,Competitive,EU,PC,Free,14.8,28.9,17.85
P0496,Competitive,APAC,PC,Standard,19.4,35.4,36.06
P0497,Core,EU,PC,Standard,16.3,35.7,19.12
P0498,Casual,EU,Mobile,Free,11.3,6.3,2.59
P0499,Core,NA,Console,Standard,17.4,41.4,21.89
P0500,Casual,EU,PC,Standard,16.7,35.3,34.42
P0501,Competitive,EU,PC,Standard,17.5,34.8,32.88
P0502,Competitive,NA,Mobile,Standard,17.6,28.8,13.75
P0503,Core,EU,PC,Free,18.2,12.5,52.22
P0504,Competitive,APAC,PC,Premium,27.3,44.0,40.0
P0505,Core,NA,Mobile,Free,6.9,16.0,23.23
P0506,Competitive,NA,PC,Premium,17.8,36.6,92.26
P0507,Core,APAC,PC,Free,25.7,31.2,49.53
P0508,Core,EU,Console,Standard,16.9,26.4,10.0
P0509,Core,APAC,PC,Standard,20.3,42.4,40.48
P0510,Core,APAC,PC,Premium,26.8,51.3,74.28
P0511,Competitive,NA,Console,Premium,26.0,36.4,90.42
P0512,Competitive,NA,PC,Free,13.6,32.4,50.64
P0513,Competitive,NA,PC,Free,16.5,37.6,26.6
P0514,Competitive,APAC,Mobile,Free,16.8,30.0,22.37
P0515,Competitive,APAC,Console,Free,25.3,44.4,32.09
P0516,Core,EU,PC,Standard,18.3,43.5,52.72
P0517,Competitive,EU,PC,Standard,25.0,41.8,38.39
P0518,Core,NA,Console,Free,12.3,22.5,0.26
P0519,Core,NA,PC,Standard,21.2,35.2,32.58
P0520,Casual,APAC,Mobile,Free,13.4,32.1,29.25
P0521,Casual,NA,PC,Free,16.6,25.9,18.73
P0522,Competitive,APAC,Mobile,Free,11.8,22.5,6.35
P0523,Competitive,EU,PC,Premium,23.1,20.8,58.44
P0524,Core,EU,PC,Standard,19.0,38.8,22.47
P0525,Competitive,NA,PC,Standard,19.8,45.1,10.0
P0526,Competitive,NA,PC,Free,12.3,32.4,12.43
P0527,Competitive,NA,PC,Free,14.4,28.8,54.78
P0528,Core,EU,Console,Standard,20.3,34.1,43.99
P0529,Competitive,EU,PC,Premium,10.4,48.9,82.81
P0530,Casual,APAC,Mobile,Premium,19.6,41.1,94.96
P0531,Core,APAC,PC,Premium,21.4,52.5,42.56
P0532,Competitive,NA,PC,Standard,16.4,31.9,16.79
P0533,Casual,EU,PC,Standard,26.1,41.9,48.3
P0534,Core,NA,PC,Premium,17.9,53.5,59.11
P0535,Competitive,NA,Console,Premium,19.7,56.4,54.87
P0536,Casual,NA,Console,Free,9.5,27.5,33.22
P0537,Casual,NA,Console,Free,18.3,36.1,10.12
P0538,Casual,NA,Console,Free,11.8,21.2,9.42
P0539,Competitive,NA,PC,Free,14.1,29.2,0.74
P0540,Competitive,EU,PC,Free,17.6,36.1,16.86
P0541,Core,NA,Console,Standard,19.9,31.9,26.97
P0542,Competitive,EU,PC,Standard,17.7,46.0,26.88
P0543,Core,NA,PC,Free,17.3,33.6,24.83
P0544,Core,APAC,PC,Standard,22.1,32.0,50.69
P0545,Competitive,EU,PC,Standard,22.7,19.0,10.0
P0546,Core,EU,PC,Free,16.7,29.8,3.38
P0547,Competitive,NA,PC,Free,15.7,39.8,34.9
P0548,Core,APAC,PC,Standard,18.7,43.0,42.55
P0549,Core,NA,Mobile,Free,16.8,4.8,15.9
P0550,Competitive,EU,Console,Premium,15.2,43.1,51.13
P0551,Core,EU,PC,Free,16.4,28.4,24.66
P0552,Competitive,NA,Mobile,Free,7.8,17.3,24.75
P0553,Competitive,NA,PC,Free,16.1,45.3,32.81
P0554,Core,NA,PC,Free,15.4,33.2,20.64
P0555,Casual,EU,Mobile,Free,14.0,15.2,16.27
P0556,Core,NA,Mobile,Standard,16.1,34.0,19.83
P0557,Competitive,EU,PC,Premium,20.1,37.8,61.51
P0558,Competitive,NA,PC,Free,12.0,37.0,26.18
P0559,Core,NA,PC,Standard,18.3,32.3,45.39
P0560,Competitive,NA,PC,Premium,21.6,49.8,52.92
P0561,Competitive,EU,PC,Free,18.0,38.2,0.0
P0562,Casual,EU,PC,Standard,15.3,35.3,29.88
P0563,Core,NA,Console,Free,15.4,24.7,15.8
P0564,Core,NA,Console,Premium,22.4,27.4,40.0
P0565,Core,NA,Console,Standard,10.6,32.4,24.15
P0566,Competitive,EU,PC,Free,17.4,29.5,34.68
P0567,Casual,NA,PC,Standard,15.3,28.5,10.0
P0568,Casual,EU,Console,Standard,11.4,28.3,24.96
P0569,Competitive,NA,PC,Standard,22.2,46.5,13.95
P0570,Core,EU,Console,Standard,13.7,45.0,26.62
P0571,Competitive,NA,PC,Standard,17.7,42.0,35.19
P0572,Casual,NA,PC,Free,12.7,30.7,16.36
P0573,Core,EU,PC,Free,16.3,35.3,10.46
P0574,Core,NA,Console,Free,14.5,29.9,14.14
P0575,Casual,EU,PC,Free,17.8,32.9,30.12
P0576,Core,NA,PC,Standard,14.9,40.6,24.83
P0577,Competitive,NA,PC,Standard,18.1,35.5,32.91
P0578,Competitive,NA,PC,Premium,18.2,35.2,48.02
P0579,Competitive,NA,Console,Standard,17.4,42.0,38.93
P0580,Core,APAC,Console,Standard,22.6,50.0,10.0
P0581,Core,EU,PC,Standard,16.8,33.2,33.75
P0582,Core,APAC,Console,Standard,23.3,37.9,49.95
P0583,Competitive,NA,Console,Standard,24.0,27.3,36.45
P0584,Casual,NA,Console,Standard,12.9,35.3,46.72
P0585,Competitive,EU,Console,Standard,14.6,14.8,47.4
P0586,Core,EU,PC,Free,16.8,35.0,22.13
P0587,Casual,NA,PC,Free,10.5,31.0,0.38
P0588,Core,NA,PC,Standard,21.1,29.9,31.54
P0589,Casual,NA,PC,Standard,15.7,30.6,21.11
P0590,Competitive,EU,PC,Standard,20.8,55.1,46.67
P0591,Competitive,NA,Console,Premium,20.5,38.6,50.53
P0592,Core,NA,PC,Free,14.6,3.0,26.41
P0593,Casual,NA,Mobile,Free,7.0,20.4,22.08
P0594,Core,NA,PC,Premium,15.3,26.3,58.58
P0595,Core,NA,PC,Standard,16.0,43.0,11.01
P0596,Casual,NA,PC,Premium,25.7,46.5,53.17
P0597,Casual,EU,Console,Standard,18.3,45.8,27.81
P0598,Core,NA,PC,Free,9.9,34.1,0.0
P0599,Competitive,NA,Console,Premium,18.9,46.0,62.22
P0600,Competitive,EU,PC,Standard,24.9,11.8,34.58
P0601,Competitive,APAC,PC,Premium,22.9,46.5,70.57
P0602,Core,EU,Console,Standard,18.2,37.2,14.47
P0603,Casual,NA,PC,Free,11.9,16.3,31.77
P0604,Core,APAC,PC,Free,15.9,32.1,6.11
P0605,Competitive,NA,PC,Standard,20.9,44.3,21.94
P0606,Core,EU,PC,Standard,18.0,36.0,29.79
P0607,Competitive,NA,Mobile,Free,16.2,22.6,13.73
P0608,Core,EU,Mobile,Free,12.3,18.4,29.92
P0609,Core,NA,PC,Standard,17.6,55.4,17.19
P0610,Competitive,NA,PC,Premium,17.7,35.8,40.0
P0611,Competitive,EU,PC,Free,14.6,39.6,11.45
P0612,Competitive,APAC,PC,Premium,25.3,53.7,48.55
P0613,Core,EU,PC,Standard,22.1,35.8,46.3
P0614,Casual,NA,Mobile,Free,6.6,23.0,0.0
P0615,Core,NA,PC,Free,17.5,35.8,24.46
P0616,Core,NA,Console,Free,10.3,28.7,34.64
P0617,Competitive,NA,PC,Premium,16.3,35.5,40.0
P0618,Core,NA,PC,Free,14.5,31.7,19.11
P0619,Core,EU,PC,Standard,12.5,31.7,40.09
P0620,Core,APAC,Mobile,Free,17.2,34.4,0.0
P0621,Core,NA,PC,Premium,21.4,43.5,51.17
P0622,Casual,NA,PC,Standard,16.5,38.0,28.28
P0623,Competitive,EU,Mobile,Premium,19.2,49.2,79.2
P0624,Competitive,EU,PC,Standard,17.5,46.1,32.93
P0625,Competitive,NA,PC,Premium,20.1,55.4,71.43
P0626,Core,NA,Console,Standard,11.6,37.1,67.84
P0627,Core,APAC,PC,Free,20.4,45.2,16.26
P0628,Competitive,NA,PC,Free,22.6,48.3,26.84
P0629,Casual,NA,Console,Free,11.0,40.1,53.1
P0630,Competitive,EU,PC,Standard,9.7,28.6,10.0
P0631,Core,NA,PC,Standard,12.6,30.3,20.56
P0632,Competitive,EU,PC,Premium,20.0,42.0,51.43
P0633,Core,NA,Console,Premium,19.4,41.7,50.75
P0634,Casual,EU,PC,Premium,18.4,41.0,69.78
P0635,Core,NA,PC,Free,20.9,20.8,27.21
P0636,Core,NA,PC,Premium,21.2,32.3,53.96
P0637,Competitive,NA,Console,Free,8.2,37.0,14.28
P0638,Competitive,NA,PC,Standard,9.8,38.8,21.3
P0639,Core,APAC,PC,Premium,22.7,37.5,40.0
P0640,Competitive,EU,Console,Premium,18.6,49.0,54.31
P0641,Competitive,EU,Console,Free,17.8,31.8,17.46
P0642,Core,NA,PC,Standard,18.0,32.8,30.97
P0643,Casual,NA,Mobile,Premium,19.4,27.4,61.2
P0644,Casual,NA,PC,Free,21.8,32.0,45.78
P0645,Core,NA,PC,Free,12.6,25.9,20.89
P0646,Core,NA,PC,Free,13.2,20.6,8.33
P0647,Competitive,NA,PC,Premium,21.0,40.1,66.1
P0648,Core,EU,Console,Standard,20.3,39.8,28.65
P0649,Core,EU,Console,Premium,21.2,47.1,66.08
P0650,Competitive,EU,Mobile,Premium,13.2,47.0,61.5
P0651,Competitive,NA,PC,Standard,20.3,49.7,32.07
P0652,Competitive,EU,PC,Standard,18.4,38.5,31.38
P0653,Core,NA,PC,Standard,14.0,33.9,42.25
P0654,Competitive,NA,PC,Premium,22.4,36.0,56.42
P0655,Competitive,APAC,PC,Free,21.3,33.3,38.82
P0656,Competitive,NA,PC,Free,14.0,34.6,11.93
P0657,Competitive,EU,PC,Premium,23.4,51.1,54.19
P0658,Competitive,NA,PC,Premium,26.6,30.5,74.24
P0659,Core,NA,PC,Standard,19.4,42.1,12.63
P0660,Casual,EU,PC,Free,18.8,33.9,53.44
P0661,Core,NA,Console,Standard,11.4,42.9,32.91
P0662,Competitive,NA,PC,Free,9.2,28.9,13.13
P0663,Core,APAC,Mobile,Standard,21.7,30.9,18.91
P0664,Competitive,EU,PC,Standard,20.4,48.9,41.61
P0665,Casual,NA,Mobile,Free,12.9,27.1,37.63
P0666,Core,EU,Console,Standard,16.6,50.2,48.67
P0667,Competitive,APAC,Console,Premium,24.8,55.1,61.35
P0668,Competitive,NA,Console,Standard,20.1,46.4,43.58
P0669,Casual,NA,Mobile,Standard,17.4,24.3,5.0
P0670,Casual,EU,PC,Premium,15.0,30.8,64.73
P0671,Competitive,NA,PC,Free,19.6,24.3,22.45
P0672,Core,NA,Console,Standard,16.2,35.5,24.82
P0673,Casual,EU,Mobile,Free,8.3,13.5,0.0
P0674,Core,NA,PC,Free,21.9,21.2,17.24
P0675,Core,EU,PC,Standard,15.5,43.9,15.29
P0676,Casual,EU,PC,Standard,14.9,29.3,42.01
P0677,Competitive,NA,PC,Premium,22.0,41.8,85.3
P0678,Competitive,NA,PC,Free,18.6,19.9,7.8
P0679,Competitive,NA,Console,Standard,19.4,38.6,34.77
P0680,Competitive,NA,Mobile,Premium,21.2,29.9,71.49
P0681,Casual,NA,PC,Free,16.2,38.9,22.94
P0682,Casual,NA,PC,Standard,21.8,32.2,42.48
P0683,Core,NA,Console,Free,11.2,38.5,35.56
P0684,Competitive,APAC,PC,Standard,25.3,47.7,54.86
P0685,Competitive,NA,PC,Standard,12.2,37.5,41.54
P0686,Competitive,APAC,Console,Standard,21.4,35.8,37.61
P0687,Casual,NA,PC,Standard,15.9,44.2,38.91
P0688,Core,NA,PC,Standard,16.4,35.2,38.58
P0689,Competitive,APAC,PC,Standard,25.9,43.1,30.98
P0690,Competitive,NA,Console,Premium,23.2,44.9,40.0
P0691,Casual,APAC,PC,Free,19.3,32.5,3.12
P0692,Core,NA,PC,Free,15.0,28.3,14.5
P0693,Competitive,NA,PC,Premium,19.1,54.0,54.79
P0694,Core,APAC,PC,Free,17.2,27.2,25.6
P0695,Competitive,EU,PC,Standard,17.3,39.4,20.01
P0696,Casual,NA,PC,Free,17.5,17.6,35.43
P0697,Competitive,NA,PC,Standard,12.6,35.5,45.11
P0698,Core,NA,PC,Standard,19.5,36.3,45.0
P0699,Core,EU,PC,Standard,10.7,29.0,29.14
P0700,Core,APAC,PC,Standard,26.2,57.0,10.0
P0701,Core,APAC,Console,Standard,20.5,48.4,25.78
P0702,Competitive,NA,Console,Standard,18.7,35.5,16.77
P0703,Casual,EU,Mobile,Free,12.7,18.4,24.39
P0704,Core,NA,PC,Standard,18.5,19.9,41.27
P0705,Casual,APAC,Console,Standard,15.5,27.4,46.14
P0706,Competitive,NA,PC,Free,14.3,35.1,21.72
P0707,Competitive,APAC,PC,Standard,19.1,30.8,22.85
P0708,Core,EU,PC,Standard,22.1,23.3,21.53
P0709,Core,NA,Console,Free,10.1,29.9,0.0
P0710,Core,APAC,PC,Free,21.2,27.1,0.0
P0711,Core,APAC,Console,Free,20.4,47.8,23.27
P0712,Core,EU,Console,Standard,11.3,31.0,35.44
P0713,Core,EU,PC,Premium,23.2,45.1,61.02
P0714,Competitive,NA,Console,Premium,27.9,39.8,58.36
P0715,Core,NA,Mobile,Standard,13.3,23.6,27.35
P0716,Core,EU,PC,Free,14.5,33.2,21.13
P0717,Competitive,EU,Console,Premium,19.1,33.3,65.0
P0718,Core,NA,Console,Free,21.9,41.7,28.38
P0719,Competitive,EU,Console,Standard,16.8,41.3,10.0
P0720,Core,NA,PC,Free,18.6,31.4,14.52
P0721,Casual,APAC,Console,Standard,27.2,29.2,53.8
P0722,Core,NA,PC,Standard,19.7,38.3,53.79
P0723,Competitive,NA,PC,Premium,21.2,41.2,40.0
P0724,Competitive,APAC,PC,Standard,15.9,37.6,36.65
P0725,Core,NA,Console,Standard,19.7,40.6,51.52
P0726,Casual,NA,Console,Standard,23.8,25.8,32.82
P0727,Competitive,APAC,PC,Standard,23.4,35.3,24.14
P0728,Casual,NA,PC,Free,17.9,46.4,10.31
P0729,Competitive,NA,PC,Premium,21.0,37.9,46.43
P0730,Core,NA,Console,Standard,18.9,46.4,34.18
P0731,Competitive,NA,PC,Standard,13.6,44.0,56.71
P0732,Core,EU,Console,Free,21.3,32.5,26.39
P0733,Casual,EU,PC,Standard,16.8,23.0,64.25
P0734,Competitive,NA,Console,Free,13.6,33.9,16.25
P0735,Competitive,NA,Console,Standard,21.4,34.6,22.16
P0736,Competitive,APAC,PC,Premium,19.2,48.7,75.68
P0737,Competitive,NA,PC,Free,10.9,42.4,6.8
P0738,Core,EU,Mobile,Premium,19.1,27.0,65.53
P0739,Core,EU,Mobile,Free,11.0,17.8,30.76
P0740,Core,APAC,PC,Free,19.8,20.9,19.03
P0741,Competitive,EU,PC,Premium,20.1,46.5,78.73
P0742,Competitive,NA,PC,Free,18.0,26.5,13.19
P0743,Core,NA,PC,Premium,24.2,57.1,65.74
P0744,Core,EU,Mobile,Standard,12.0,20.8,15.3
P0745,Casual,NA,PC,Free,14.6,32.8,17.39
P0746,Core,NA,PC,Standard,13.0,41.2,61.97
P0747,Casual,APAC,Mobile,Standard,14.6,41.0,12.48
P0748,Casual,EU,PC,Free,11.2,32.3,15.04
P0749,Core,EU,PC,Standard,17.5,33.2,21.47
P0750,Competitive,APAC,PC,Free,25.1,31.7,0.0
P0751,Core,EU,PC,Free,9.7,21.7,10.57
P0752,Core,EU,Mobile,Standard,19.6,36.0,19.83
P0753,Core,NA,PC,Free,16.0,22.2,10.72
P0754,Competitive,NA,Console,Standard,12.9,29.5,10.0
P0755,Casual,APAC,Mobile,Standard,22.3,30.2,28.8
P0756,Core,NA,Console,Standard,20.2,29.1,27.77
P0757,Competitive,EU,Mobile,Standard,13.4,11.8,19.84
P0758,Casual,NA,PC,Standard,16.3,36.4,34.02
P0759,Core,NA,PC,Free,21.3,36.1,32.94
P0760,Core,NA,PC,Standard,19.3,33.7,36.72
P0761,Competitive,NA,Mobile,Premium,17.6,25.3,40.25
P0762,Competitive,EU,PC,Premium,26.0,23.6,45.83
P0763,Competitive,EU,PC,Premium,20.6,27.2,76.92
P0764,Core,EU,PC,Free,11.4,20.6,9.44
P0765,Competitive,NA,PC,Free,13.4,32.9,23.12
P0766,Competitive,APAC,Mobile,Standard,19.2,46.0,23.21
P0767,Competitive,EU,Console,Premium,16.7,46.3,46.85
P0768,Core,EU,PC,Free,18.4,37.8,23.84
P0769,Competitive,EU,Console,Standard,10.4,25.8,27.79
P0770,Core,EU,PC,Standard,18.6,36.8,10.0
P0771,Core,APAC,PC,Free,22.1,42.5,37.95
P0772,Core,NA,Console,Standard,14.9,32.4,36.29
P0773,Casual,NA,Console,Free,19.6,7.9,25.03
P0774,Casual,EU,Mobile,Free,12.9,13.7,17.42
P0775,Core,EU,PC,Free,13.2,43.2,20.22
P0776,Core,APAC,PC,Free,25.1,38.0,24.24
P0777,Casual,NA,PC,Standard,21.9,34.9,10.0
P0778,Core,EU,Console,Standard,13.9,35.6,20.09
P0779,Competitive,NA,PC,Free,14.5,42.9,0.54
P0780,Core,EU,Console,Free,7.8,35.3,19.45
P0781,Core,NA,PC,Free,15.4,29.7,33.19
P0782,Casual,EU,Mobile,Free,14.7,25.5,49.45
P0783,Casual,NA,Mobile,Free,11.5,20.9,3.39
P0784,Competitive,NA,PC,Free,17.5,30.9,33.16
P0785,Competitive,EU,PC,Free,16.0,33.2,13.2
P0786,Competitive,EU,PC,Free,21.2,30.9,22.48
P0787,Competitive,NA,Console,Premium,18.2,40.7,40.0
P0788,Core,NA,PC,Free,9.7,20.1,17.68
P0789,Core,NA,Mobile,Standard,16.0,27.3,42.09
P0790,Casual,NA,Mobile,Standard,18.9,12.1,16.93
P0791,Core,EU,PC,Free,17.3,37.0,26.16
P0792,Core,EU,Mobile,Standard,11.0,18.1,5.0
P0793,Competitive,APAC,Console,Premium,24.7,53.5,68.22
P0794,Casual,EU,Console,Standard,21.3,32.3,21.81
P0795,Core,NA,Console,Standard,13.0,27.6,14.52
P0796,Casual,NA,PC,Standard,17.8,43.8,35.18
P0797,Competitive,EU,Mobile,Standard,14.0,34.2,7.58
P0798,Casual,NA,PC,Free,14.7,20.9,0.0
P0799,Competitive,NA,PC,Free,12.1,41.9,42.75
P0800,Competitive,EU,PC,Free,19.1,41.0,3.11
P0801,Core,EU,Console,Standard,17.3,44.7,26.35
P0802,Core,APAC,PC,Standard,24.2,39.8,11.43
P0803,Competitive,APAC,PC,Free,22.6,28.2,19.22
P0804,Core,EU,Console,Free,17.9,24.5,7.86
P0805,Competitive,EU,PC,Free,24.7,40.4,13.51
P0806,Competitive,APAC,PC,Free,16.9,30.0,10.67
P0807,Core,EU,Console,Premium,22.8,38.6,78.88
P0808,Competitive,EU,Mobile,Premium,11.8,35.4,35.72
P0809,Core,APAC,Console,Standard,19.3,42.7,47.05
P0810,Competitive,EU,Mobile,Standard,16.1,14.8,16.05
P0811,Core,EU,PC,Standard,21.7,37.1,12.13
P0812,Competitive,APAC,Mobile,Standard,16.7,38.5,46.13
P0813,Core,APAC,PC,Free,19.7,40.4,4.02
P0814,Competitive,NA,PC,Standard,24.7,41.3,39.4
P0815,Competitive,APAC,PC,Premium,30.6,56.8,64.4
P0816,Core,NA,PC,Premium,26.2,38.2,73.98
P0817,Core,NA,Console,Free,17.8,17.0,22.66
P0818,Casual,NA,PC,Free,15.7,24.3,25.59
P0819,Casual,NA,Console,Premium,20.4,38.9,40.0
P0820,Competitive,NA,PC,Premium,14.5,42.9,44.51
P0821,Core,NA,Mobile,Premium,18.9,38.7,56.08
P0822,Core,NA,Console,Standard,14.6,47.4,17.32
P0823,Competitive,NA,PC,Standard,23.9,36.8,26.47
P0824,Core,EU,Console,Standard,24.7,40.6,19.37
P0825,Core,NA,PC,Free,5.3,26.9,15.95
P0826,Core,APAC,PC,Free,24.6,30.6,18.81
P0827,Core,NA,Console,Premium,22.7,40.6,57.16
P0828,Casual,NA,PC,Free,11.1,31.2,66.56
P0829,Core,NA,Console,Free,19.4,29.1,28.43
P0830,Core,APAC,PC,Free,19.2,21.4,24.17
P0831,Core,EU,PC,Free,14.6,10.7,0.0
P0832,Competitive,APAC,PC,Free,21.7,30.8,16.42
P0833,Core,EU,PC,Free,18.7,28.6,40.21
P0834,Competitive,NA,PC,Standard,13.6,44.9,36.14
P0835,Competitive,NA,PC,Free,21.0,39.7,25.45
P0836,Casual,NA,PC,Standard,11.7,21.4,44.44
P0837,Core,APAC,PC,Standard,33.1,42.6,21.67
P0838,Competitive,APAC,Mobile,Free,10.8,46.6,41.17
P0839,Casual,NA,Mobile,Free,16.4,27.6,27.42
P0840,Competitive,EU,PC,Premium,17.7,52.1,40.0
P0841,Core,NA,PC,Standard,21.3,42.4,32.27
P0842,Casual,NA,Mobile,Standard,17.9,22.4,38.02
P0843,Competitive,NA,PC,Standard,16.1,43.7,11.45
P0844,Competitive,EU,PC,Standard,19.2,29.6,23.87
P0845,Core,APAC,PC,Standard,27.8,28.6,24.55
P0846,Competitive,NA,Console,Free,17.0,43.1,53.97
P0847,Competitive,NA,Console,Premium,16.2,37.9,102.33
P0848,Casual,EU,Console,Free,8.9,34.2,19.79
P0849,Core,NA,PC,Free,16.0,31.6,24.45
P0850,Core,NA,PC,Standard,23.1,28.0,30.27
P0851,Core,APAC,PC,Standard,22.3,57.6,38.4
P0852,Core,NA,PC,Standard,17.3,33.4,39.28
P0853,Core,NA,PC,Standard,17.3,28.5,14.74
P0854,Competitive,EU,PC,Standard,16.9,30.7,33.88
P0855,Core,EU,PC,Standard,16.7,41.0,23.7
P0856,Competitive,NA,PC,Free,3.2,29.0,27.82
P0857,Casual,EU,PC,Standard,19.1,17.0,22.96
P0858,Competitive,EU,Console,Free,27.7,28.6,38.53
P0859,Competitive,EU,PC,Standard,29.1,34.2,14.13
P0860,Core,EU,PC,Premium,20.1,31.0,44.98
P0861,Competitive,APAC,PC,Premium,25.4,41.4,102.75
P0862,Core,NA,PC,Free,12.0,37.7,30.06
P0863,Core,NA,Console,Premium,16.6,55.2,45.85
P0864,Casual,EU,PC,Free,18.1,18.4,23.8
P0865,Casual,NA,PC,Free,10.3,27.6,25.46
P0866,Competitive,APAC,PC,Free,18.8,26.5,35.67
P0867,Casual,NA,Mobile,Premium,17.6,32.4,66.94
P0868,Casual,APAC,PC,Standard,23.2,33.9,36.04
P0869,Core,NA,Console,Free,14.5,34.2,21.16
P0870,Core,EU,PC,Standard,9.3,29.0,27.16
P0871,Competitive,NA,PC,Free,18.3,25.5,7.55
P0872,Core,APAC,PC,Free,21.5,35.9,5.36
P0873,Core,EU,PC,Free,18.2,26.3,17.18
P0874,Competitive,EU,PC,Free,15.4,24.7,24.05
P0875,Core,NA,PC,Free,8.6,28.6,14.77
P0876,Core,NA,PC,Standard,20.3,41.6,15.85
P0877,Core,NA,PC,Standard,16.0,30.7,40.06
P0878,Competitive,NA,Console,Standard,22.8,20.7,26.71
P0879,Core,APAC,Console,Free,11.8,23.9,0.0
P0880,Core,EU,Console,Premium,20.9,37.0,42.87
P0881,Competitive,APAC,PC,Standard,26.7,50.4,29.77
P0882,Core,NA,PC,Standard,17.4,32.8,46.64
P0883,Core,NA,PC,Premium,22.2,34.2,47.03
P0884,Core,NA,PC,Free,12.7,29.1,19.6
P0885,Competitive,NA,Console,Free,23.2,31.4,6.75
P0886,Core,NA,Mobile,Standard,17.8,39.4,17.62
P0887,Casual,EU,PC,Free,10.0,19.0,19.02
P0888,Core,NA,PC,Standard,15.2,29.9,34.95
P0889,Core,APAC,Console,Standard,26.6,37.8,28.67
P0890,Core,NA,PC,Free,17.6,33.6,8.8
P0891,Core,NA,PC,Standard,14.8,29.0,22.87
P0892,Competitive,NA,Mobile,Free,20.2,22.4,11.38
P0893,Core,NA,Console,Free,10.8,26.9,43.8
P0894,Core,EU,Mobile,Standard,20.1,40.2,6.42
P0895,Competitive,NA,Mobile,Premium,19.2,37.5,49.84
P0896,Core,EU,PC,Standard,8.9,24.1,38.1
P0897,Competitive,NA,Console,Premium,17.1,26.0,75.06
P0898,Core,APAC,PC,Standard,16.3,42.9,32.31
P0899,Competitive,NA,Mobile,Standard,12.5,24.9,10.45
P0900,Casual,EU,Console,Standard,12.1,30.0,45.56
P0901,Core,EU,PC,Standard,11.8,23.8,65.41
P0902,Core,APAC,Mobile,Standard,17.8,20.2,39.23
P0903,Casual,EU,PC,Standard,21.1,23.1,29.72
P0904,Core,NA,PC,Free,18.5,29.5,17.25
P0905,Competitive,NA,PC,Free,14.9,25.3,5.48
P0906,Core,EU,Mobile,Free,12.7,15.3,13.73
P0907,Core,EU,Console,Free,13.7,22.6,0.0
P0908,Casual,APAC,PC,Standard,17.6,39.1,53.73
P0909,Competitive,APAC,Console,Premium,30.4,38.6,40.0
P0910,Competitive,NA,PC,Free,17.9,21.7,14.12
P0911,Core,NA,PC,Premium,15.5,50.0,68.07
P0912,Competitive,APAC,Console,Free,21.1,33.9,20.68
P0913,Core,NA,PC,Free,12.3,23.3,1.65
P0914,Casual,EU,PC,Standard,17.3,44.8,17.65
P0915,Competitive,EU,PC,Premium,24.6,45.7,59.06
P0916,Competitive,APAC,PC,Free,19.6,50.9,0.0
P0917,Core,EU,Mobile,Free,15.9,15.7,0.0
P0918,Core,EU,Mobile,Premium,21.4,36.2,73.68
P0919,Core,EU,Console,Free,18.5,9.0,8.73
P0920,Core,EU,Mobile,Standard,13.0,29.8,24.56
P0921,Casual,EU,Console,Standard,15.3,43.0,32.72
P0922,Core,EU,PC,Free,18.5,39.7,13.51
P0923,Competitive,NA,PC,Standard,14.6,36.3,50.78
P0924,Core,NA,PC,Standard,17.0,33.3,44.15
P0925,Casual,EU,PC,Standard,18.7,46.1,20.11
P0926,Competitive,EU,Console,Free,15.4,28.7,0.0
P0927,Core,EU,PC,Standard,15.5,30.4,30.58
P0928,Competitive,EU,PC,Free,12.3,23.5,1.99
P0929,Competitive,EU,PC,Premium,22.2,41.5,72.87
P0930,Core,NA,PC,Standard,19.7,28.2,15.69
P0931,Competitive,APAC,Console,Free,19.3,45.8,16.07
P0932,Competitive,EU,PC,Free,18.1,45.5,18.33
P0933,Casual,NA,PC,Free,17.7,36.8,0.0
P0934,Competitive,APAC,Console,Standard,20.3,37.3,20.18
P0935,Competitive,NA,PC,Free,16.2,32.2,10.41
P0936,Competitive,NA,Console,Standard,14.2,36.2,41.03
P0937,Competitive,NA,PC,Free,11.8,41.1,18.98
P0938,Casual,APAC,Console,Premium,25.9,35.8,67.06
P0939,Casual,NA,PC,Standard,15.5,45.9,25.0
P0940,Competitive,EU,PC,Premium,25.6,42.3,89.86
P0941,Core,NA,Mobile,Standard,8.6,11.9,30.54
P0942,Core,NA,PC,Premium,23.8,37.9,84.96
P0943,Core,NA,PC,Free,14.5,45.7,15.42
P0944,Core,EU,PC,Standard,20.9,34.2,45.93
P0945,Competitive,NA,PC,Free,9.3,40.6,16.72
P0946,Casual,APAC,PC,Standard,14.4,38.8,10.0
P0947,Core,EU,Console,Standard,16.1,43.2,10.39
P0948,Competitive,EU,PC,Standard,20.5,27.6,20.34
P0949,Core,NA,Console,Free,8.9,31.6,11.61
P0950,Competitive,APAC,PC,Standard,21.5,44.3,52.44
P0951,Casual,NA,Mobile,Premium,21.4,27.5,60.46
P0952,Casual,APAC,PC,Free,18.9,43.2,17.83
P0953,Competitive,NA,PC,Free,7.1,40.5,13.45
P0954,Competitive,APAC,PC,Standard,26.4,43.5,26.67
P0955,Competitive,NA,Console,Premium,18.9,36.1,56.77
P0956,Competitive,APAC,PC,Standard,21.6,41.8,50.99
P0957,Competitive,APAC,PC,Standard,23.9,49.3,10.0
P0958,Core,EU,Console,Free,10.3,34.6,26.84
P0959,Casual,NA,PC,Free,12.9,33.1,47.2
P0960,Core,EU,Console,Premium,25.9,36.3,61.79
P0961,Core,EU,PC,Premium,28.4,45.2,56.67
P0962,Competitive,APAC,PC,Premium,22.5,34.6,61.76
P0963,Competitive,EU,Console,Standard,20.7,35.2,50.13
P0964,Core,APAC,PC,Standard,20.2,40.8,44.87
P0965,Core,NA,PC,Free,13.3,33.0,0.58
P0966,Casual,EU,PC,Free,12.1,17.9,41.97
P0967,Casual,NA,PC,Free,14.9,22.2,23.97
P0968,Competitive,NA,PC,Free,20.5,23.9,18.56
P0969,Competitive,NA,PC,Premium,21.9,49.3,75.99
P0970,Competitive,NA,PC,Free,13.6,45.3,35.25
P0971,Core,EU,Console,Free,22.3,27.4,13.95
P0972,Core,NA,Mobile,Free,12.0,26.6,43.52
P0973,Core,EU,PC,Standard,25.6,28.9,28.74
P0974,Core,EU,PC,Premium,21.8,40.6,55.27
P0975,Competitive,APAC,PC,Standard,22.4,40.7,26.65
P0976,Core,NA,PC,Standard,20.4,40.8,20.06
P0977,Competitive,NA,PC,Standard,20.9,34.1,21.63
P0978,Core,EU,Console,Standard,12.2,37.8,39.3
P0979,Competitive,APAC,PC,Standard,20.2,36.9,42.62
P0980,Competitive,APAC,PC,Free,18.3,40.6,0.0
P0981,Core,NA,PC,Premium,22.8,48.5,58.63
P0982,Competitive,APAC,PC,Standard,21.8,34.3,44.18
P0983,Core,EU,PC,Standard,15.8,45.0,25.0
P0984,Competitive,NA,PC,Free,15.7,27.1,15.44
P0985,Core,APAC,PC,Standard,25.0,29.5,38.6
P0986,Core,NA,Console,Standard,9.8,29.2,10.0
P0987,Competitive,NA,PC,Standard,21.5,41.0,28.49
P0988,Competitive,EU,PC,Standard,21.0,44.1,24.87
P0989,Competitive,APAC,PC,Standard,18.1,33.7,19.21
P0990,Competitive,APAC,Console,Premium,20.2,30.3,66.88
P0991,Competitive,EU,PC,Premium,25.1,43.4,47.27
P0992,Core,NA,Console,Premium,20.8,28.8,40.0
P0993,Competitive,NA,PC,Free,18.2,35.0,40.18
P0994,Competitive,EU,Console,Premium,18.0,35.7,46.35
P0995,Competitive,APAC,PC,Standard,21.7,37.3,34.07
P0996,Competitive,EU,PC,Premium,15.7,41.6,60.77
P0997,Casual,NA,PC,Standard,15.6,30.6,41.09
P0998,Competitive,APAC,Console,Standard,22.3,35.0,10.16
P0999,Competitive,NA,Console,Free,11.0,25.4,19.06
P1000,Casual,APAC,Mobile,Standard,12.3,31.6,15.84
