months_member,visits_per_month,contract_type,age,churned
32,11,Month-to-Month,24,Churned
13,6,Two-Year,46,Stayed
12,7,Month-to-Month,45,Churned
13,12,Annual,19,Stayed
19,12,Month-to-Month,22,Stayed
26,7,Month-to-Month,57,Stayed
33,7,Annual,28,Churned
28,11,Two-Year,18,Stayed
36,7,Annual,26,Churned
37,9,Annual,24,Stayed
14,5,Annual,25,Stayed
25,13,Month-to-Month,41,Stayed
11,7,Month-to-Month,38,Churned
34,7,Month-to-Month,43,Stayed
21,5,Annual,45,Stayed
1,10,Month-to-Month,21,Churned
43,11,Two-Year,43,Stayed
3,8,Annual,25,Stayed
26,15,Annual,34,Stayed
35,16,Month-to-Month,66,Stayed
34,11,Month-to-Month,23,Churned
37,9,Month-to-Month,25,Stayed
25,12,Two-Year,60,Stayed
14,11,Annual,72,Churned
17,7,Two-Year,19,Stayed
2,7,Month-to-Month,50,Churned
47,11,Month-to-Month,23,Churned
36,7,Two-Year,18,Stayed
43,16,Month-to-Month,68,Stayed
26,8,Annual,52,Stayed
9,13,Month-to-Month,30,Stayed
37,9,Month-to-Month,66,Churned
27,7,Annual,57,Stayed
19,8,Two-Year,42,Stayed
22,13,Annual,70,Churned
6,13,Month-to-Month,28,Stayed
19,6,Annual,40,Stayed
46,11,Two-Year,27,Stayed
29,13,Two-Year,63,Stayed
16,7,Annual,62,Stayed
32,8,Month-to-Month,33,Stayed
31,14,Month-to-Month,41,Stayed
37,11,Two-Year,69,Stayed
46,10,Month-to-Month,50,Stayed
24,13,Two-Year,24,Stayed
25,11,Two-Year,29,Stayed
28,6,Month-to-Month,69,Churned
11,7,Month-to-Month,27,Churned
42,12,Annual,38,Stayed
32,15,Two-Year,37,Stayed
9,10,Two-Year,50,Stayed
45,16,Month-to-Month,43,Stayed
44,8,Two-Year,66,Stayed
28,10,Month-to-Month,66,Stayed
31,16,Two-Year,34,Stayed
2,4,Annual,54,Stayed
25,8,Annual,36,Stayed
31,13,Annual,35,Churned
7,13,Two-Year,33,Stayed
1,5,Annual,37,Churned
31,8,Month-to-Month,69,Stayed
10,13,Annual,53,Stayed
29,8,Annual,41,Stayed
27,10,Annual,54,Stayed
46,11,Two-Year,30,Stayed
39,13,Two-Year,35,Stayed
22,14,Two-Year,45,Stayed
20,11,Annual,27,Stayed
1,6,Two-Year,43,Stayed
34,8,Annual,23,Stayed
22,10,Two-Year,69,Stayed
45,14,Two-Year,52,Stayed
24,6,Month-to-Month,21,Stayed
30,8,Two-Year,49,Stayed
7,4,Annual,24,Stayed
2,11,Month-to-Month,68,Stayed
19,13,Annual,25,Stayed
26,12,Month-to-Month,18,Churned
25,13,Two-Year,46,Stayed
32,10,Two-Year,37,Stayed
38,15,Two-Year,69,Stayed
5,12,Two-Year,69,Churned
34,15,Two-Year,62,Stayed
43,16,Month-to-Month,32,Stayed
28,6,Two-Year,68,Stayed
17,6,Two-Year,39,Stayed
7,13,Two-Year,46,Churned
27,7,Annual,35,Churned
36,11,Month-to-Month,26,Churned
27,8,Two-Year,57,Stayed
23,6,Annual,47,Churned
42,17,Two-Year,66,Stayed
12,13,Annual,63,Churned
39,15,Annual,64,Stayed
12,10,Two-Year,25,Stayed
22,12,Two-Year,42,Stayed
18,6,Month-to-Month,24,Churned
25,12,Annual,43,Stayed
30,14,Two-Year,37,Stayed
16,9,Month-to-Month,33,Stayed
6,7,Month-to-Month,68,Stayed
29,10,Annual,68,Stayed
6,10,Annual,29,Stayed
5,7,Month-to-Month,57,Churned
23,12,Two-Year,26,Stayed
23,12,Annual,35,Stayed
9,5,Annual,20,Churned
11,8,Month-to-Month,58,Stayed
2,12,Annual,20,Churned
8,12,Annual,54,Stayed
3,12,Annual,67,Churned
6,5,Two-Year,34,Stayed
4,5,Month-to-Month,31,Churned
30,11,Annual,22,Stayed
42,12,Annual,37,Stayed
2,9,Two-Year,34,Churned
43,15,Two-Year,43,Stayed
29,6,Annual,27,Churned
12,5,Two-Year,51,Stayed
42,9,Month-to-Month,66,Stayed
35,8,Annual,26,Stayed
23,9,Month-to-Month,40,Churned
9,4,Two-Year,57,Stayed
11,13,Two-Year,42,Churned
3,8,Month-to-Month,19,Churned
46,14,Two-Year,32,Stayed
40,9,Month-to-Month,22,Churned
20,13,Two-Year,35,Stayed
19,5,Month-to-Month,62,Stayed
26,13,Month-to-Month,50,Stayed
10,6,Two-Year,70,Stayed
23,12,Annual,56,Churned
25,13,Two-Year,58,Stayed
6,10,Annual,47,Stayed
26,7,Annual,52,Stayed
42,13,Annual,19,Stayed
36,7,Annual,47,Stayed
5,12,Month-to-Month,67,Stayed
45,16,Two-Year,54,Stayed
22,13,Annual,22,Stayed
44,15,Two-Year,70,Stayed
39,12,Month-to-Month,61,Stayed
2,10,Annual,24,Churned
7,7,Annual,53,Churned
1,10,Two-Year,58,Stayed
26,15,Two-Year,62,Stayed
22,14,Annual,29,Churned
5,4,Annual,59,Stayed
47,11,Month-to-Month,37,Stayed
25,11,Two-Year,70,Stayed
2,10,Two-Year,60,Stayed
10,12,Two-Year,30,Stayed
6,7,Month-to-Month,65,Churned
32,13,Month-to-Month,33,Churned
34,13,Annual,51,Churned
33,15,Annual,41,Stayed
32,14,Two-Year,31,Stayed
33,7,Annual,45,Stayed
8,9,Month-to-Month,71,Stayed
32,9,Annual,72,Stayed
15,9,Annual,33,Stayed
18,11,Month-to-Month,21,Churned
41,10,Annual,39,Stayed
17,7,Month-to-Month,20,Churned
4,12,Two-Year,28,Stayed
26,8,Two-Year,22,Stayed
12,11,Annual,26,Churned
3,8,Annual,63,Stayed
25,6,Annual,68,Stayed
31,13,Two-Year,54,Stayed
29,15,Annual,60,Churned
29,10,Annual,42,Stayed
33,8,Month-to-Month,65,Stayed
24,7,Annual,58,Stayed
43,12,Month-to-Month,51,Stayed
27,14,Two-Year,25,Stayed
35,7,Month-to-Month,40,Stayed
41,13,Annual,30,Stayed
31,12,Month-to-Month,40,Churned
22,8,Two-Year,60,Stayed
14,13,Month-to-Month,46,Churned
17,6,Two-Year,34,Stayed
39,8,Month-to-Month,50,Churned
31,9,Annual,61,Stayed
43,13,Month-to-Month,28,Churned
42,11,Two-Year,19,Stayed
42,11,Month-to-Month,67,Churned
32,15,Annual,45,Stayed
3,13,Month-to-Month,24,Stayed
18,9,Annual,36,Stayed
38,10,Two-Year,43,Stayed
8,11,Two-Year,68,Stayed
25,13,Two-Year,67,Stayed
37,7,Annual,29,Stayed
6,12,Month-to-Month,70,Stayed
30,14,Month-to-Month,29,Stayed
23,15,Annual,48,Stayed
1,11,Annual,50,Stayed
37,12,Annual,58,Stayed
14,8,Annual,39,Stayed
47,8,Month-to-Month,35,Churned
31,10,Two-Year,53,Stayed
7,4,Two-Year,22,Stayed
2,5,Month-to-Month,69,Churned
11,5,Two-Year,39,Stayed
25,14,Annual,43,Stayed
11,13,Annual,66,Stayed
12,11,Month-to-Month,48,Stayed
4,12,Two-Year,26,Stayed
5,10,Annual,58,Stayed
4,10,Annual,29,Stayed
9,7,Two-Year,28,Stayed
11,13,Annual,61,Stayed
25,8,Two-Year,29,Stayed
41,10,Annual,33,Stayed
15,8,Annual,46,Stayed
47,17,Two-Year,64,Stayed
36,8,Annual,31,Stayed
20,14,Two-Year,29,Stayed
29,7,Month-to-Month,34,Churned
15,14,Month-to-Month,46,Churned
20,5,Month-to-Month,68,Churned
26,13,Month-to-Month,63,Stayed
27,9,Annual,65,Stayed
5,10,Annual,22,Churned
42,13,Annual,40,Stayed
10,5,Annual,38,Churned
32,15,Month-to-Month,64,Churned
28,13,Annual,28,Churned
5,4,Month-to-Month,42,Churned
47,10,Month-to-Month,71,Churned
36,14,Month-to-Month,66,Churned
46,8,Two-Year,35,Stayed
10,9,Two-Year,56,Stayed
19,7,Two-Year,18,Stayed
29,12,Annual,38,Churned
35,11,Month-to-Month,37,Churned
46,17,Annual,27,Stayed
21,12,Month-to-Month,21,Churned
38,12,Month-to-Month,25,Stayed
8,13,Annual,70,Stayed
10,12,Month-to-Month,57,Stayed
19,12,Two-Year,33,Stayed
46,8,Annual,63,Stayed
40,17,Two-Year,57,Stayed
5,5,Two-Year,36,Stayed
21,13,Month-to-Month,67,Stayed
15,12,Month-to-Month,41,Stayed
35,11,Annual,38,Churned
27,8,Month-to-Month,38,Churned
19,7,Annual,22,Stayed
19,7,Two-Year,72,Stayed
24,8,Two-Year,49,Stayed
8,11,Two-Year,46,Stayed
44,10,Two-Year,21,Stayed
9,12,Annual,32,Churned
4,13,Annual,23,Churned
5,11,Month-to-Month,56,Churned
28,7,Month-to-Month,29,Churned
40,11,Month-to-Month,25,Stayed
29,7,Annual,53,Churned
19,12,Month-to-Month,63,Stayed
47,8,Annual,26,Stayed
8,4,Two-Year,50,Churned
1,5,Month-to-Month,60,Churned
42,17,Two-Year,69,Stayed
6,12,Month-to-Month,67,Stayed
29,14,Two-Year,18,Stayed
38,16,Month-to-Month,72,Stayed
6,9,Two-Year,25,Stayed
2,7,Annual,23,Stayed
16,10,Two-Year,45,Stayed
29,6,Annual,66,Stayed
35,12,Annual,33,Stayed
23,8,Two-Year,62,Stayed
32,12,Month-to-Month,62,Stayed
46,15,Annual,38,Stayed
31,15,Month-to-Month,48,Churned
42,12,Month-to-Month,44,Churned
22,8,Annual,72,Stayed
27,12,Annual,51,Stayed
12,6,Two-Year,64,Stayed
4,4,Two-Year,68,Churned
46,11,Two-Year,23,Churned
27,9,Month-to-Month,38,Churned
13,5,Month-to-Month,38,Stayed
12,11,Month-to-Month,48,Stayed
17,6,Month-to-Month,59,Churned
46,14,Month-to-Month,39,Churned
46,8,Month-to-Month,39,Churned
24,8,Annual,51,Stayed
27,11,Month-to-Month,33,Stayed
44,12,Month-to-Month,61,Churned
38,9,Annual,28,Churned
44,17,Month-to-Month,18,Churned
13,6,Annual,59,Churned
1,12,Two-Year,33,Churned
43,12,Two-Year,36,Stayed
5,10,Two-Year,29,Stayed
32,12,Annual,71,Stayed
30,7,Month-to-Month,26,Churned
13,6,Annual,52,Churned
45,12,Annual,22,Stayed
47,9,Month-to-Month,69,Churned
6,13,Month-to-Month,59,Stayed
8,9,Month-to-Month,35,Churned
36,15,Annual,27,Stayed
44,13,Two-Year,30,Stayed
27,10,Month-to-Month,29,Churned
28,9,Two-Year,61,Stayed
30,10,Annual,62,Stayed
30,7,Month-to-Month,30,Churned
13,12,Month-to-Month,25,Churned
15,14,Annual,31,Stayed
10,6,Two-Year,37,Stayed
4,9,Two-Year,36,Stayed
24,5,Month-to-Month,20,Stayed
8,10,Two-Year,58,Stayed
29,10,Annual,22,Stayed
26,7,Two-Year,44,Churned
12,12,Annual,65,Stayed
39,15,Month-to-Month,50,Churned
39,15,Two-Year,54,Stayed
3,13,Two-Year,25,Churned
23,6,Annual,51,Stayed
32,11,Two-Year,67,Stayed
9,9,Month-to-Month,26,Churned
4,11,Annual,31,Stayed
45,12,Month-to-Month,67,Churned
29,14,Two-Year,34,Stayed
26,6,Two-Year,47,Stayed
31,15,Two-Year,61,Stayed
5,12,Month-to-Month,22,Stayed
25,12,Two-Year,25,Stayed
33,16,Two-Year,40,Stayed
12,4,Two-Year,24,Stayed
37,15,Annual,21,Stayed
21,15,Two-Year,22,Stayed
12,5,Annual,36,Stayed
30,11,Month-to-Month,23,Stayed
37,10,Two-Year,52,Stayed
39,16,Annual,48,Stayed
45,14,Two-Year,60,Stayed
33,9,Month-to-Month,30,Stayed
36,9,Two-Year,26,Stayed
6,5,Annual,33,Stayed
5,8,Annual,50,Stayed
2,12,Two-Year,61,Stayed
4,10,Month-to-Month,26,Churned
26,9,Two-Year,57,Stayed
18,5,Two-Year,61,Stayed
1,13,Annual,39,Stayed
20,9,Month-to-Month,41,Churned
17,6,Month-to-Month,33,Stayed
42,13,Annual,36,Stayed
26,13,Annual,43,Stayed
17,14,Two-Year,72,Stayed
8,11,Two-Year,49,Stayed
21,6,Annual,62,Churned
1,8,Two-Year,59,Churned
21,10,Annual,51,Stayed
43,13,Annual,26,Stayed
20,7,Month-to-Month,55,Churned
35,9,Month-to-Month,42,Churned
25,11,Annual,49,Stayed
23,9,Annual,34,Stayed
36,12,Two-Year,72,Stayed
41,14,Month-to-Month,45,Churned
27,11,Annual,19,Churned
15,10,Two-Year,51,Stayed
44,12,Annual,46,Stayed
42,9,Two-Year,18,Stayed
13,5,Month-to-Month,62,Churned
27,14,Month-to-Month,24,Stayed
32,16,Annual,59,Stayed
41,12,Annual,22,Churned
36,15,Month-to-Month,59,Stayed
21,14,Month-to-Month,49,Stayed
44,16,Month-to-Month,37,Stayed
14,5,Two-Year,68,Stayed
9,13,Annual,57,Stayed
17,14,Annual,46,Stayed
18,6,Two-Year,46,Churned
11,10,Annual,72,Churned
11,8,Annual,28,Stayed
30,6,Month-to-Month,65,Churned
1,13,Annual,20,Stayed
7,13,Month-to-Month,64,Churned
40,9,Two-Year,53,Stayed
4,12,Annual,32,Stayed
36,17,Two-Year,37,Stayed
29,8,Annual,34,Stayed
6,11,Two-Year,45,Stayed
37,9,Two-Year,48,Stayed
44,11,Two-Year,19,Stayed
21,9,Two-Year,19,Stayed
6,6,Two-Year,19,Stayed
7,10,Month-to-Month,20,Churned
34,14,Month-to-Month,53,Churned
7,8,Month-to-Month,67,Churned
14,14,Two-Year,20,Stayed
4,11,Two-Year,71,Stayed
33,12,Annual,69,Churned
8,7,Two-Year,29,Stayed
25,15,Two-Year,68,Stayed
43,11,Month-to-Month,33,Churned
6,4,Month-to-Month,53,Churned
7,8,Two-Year,22,Stayed
14,12,Month-to-Month,31,Stayed
15,11,Month-to-Month,22,Stayed
22,13,Month-to-Month,50,Stayed
25,13,Month-to-Month,22,Stayed
2,11,Annual,53,Stayed
32,8,Two-Year,67,Stayed
12,14,Annual,59,Stayed
12,8,Annual,25,Stayed
39,11,Two-Year,53,Stayed
2,6,Annual,66,Stayed
5,9,Two-Year,34,Stayed
34,6,Annual,44,Stayed
27,12,Month-to-Month,65,Stayed
41,11,Annual,54,Stayed
1,12,Two-Year,55,Churned
5,5,Two-Year,29,Stayed
12,8,Two-Year,53,Stayed
20,11,Month-to-Month,30,Stayed
29,11,Month-to-Month,25,Churned
31,14,Month-to-Month,72,Stayed
33,13,Two-Year,44,Stayed
9,8,Month-to-Month,39,Churned
38,10,Annual,34,Stayed
32,14,Annual,43,Stayed
27,13,Month-to-Month,21,Stayed
46,14,Two-Year,27,Stayed
1,8,Two-Year,40,Churned
23,11,Annual,69,Stayed
14,8,Two-Year,61,Stayed
9,13,Two-Year,65,Stayed
6,9,Annual,29,Churned
27,14,Two-Year,57,Stayed
20,15,Two-Year,60,Stayed
41,9,Month-to-Month,64,Churned
14,5,Annual,65,Stayed
31,15,Month-to-Month,57,Stayed
11,14,Two-Year,34,Stayed
19,8,Two-Year,63,Stayed
37,14,Two-Year,25,Stayed
15,6,Month-to-Month,63,Stayed
9,11,Two-Year,52,Stayed
26,12,Two-Year,23,Stayed
12,5,Two-Year,61,Stayed
24,12,Annual,61,Stayed
6,11,Month-to-Month,48,Churned
28,14,Annual,23,Stayed
25,15,Annual,50,Stayed
16,11,Month-to-Month,50,Stayed
30,14,Annual,28,Stayed
38,8,Two-Year,21,Stayed
31,9,Annual,29,Stayed
47,11,Annual,65,Stayed
5,4,Annual,32,Stayed
36,12,Annual,65,Stayed
10,12,Month-to-Month,26,Churned
24,11,Two-Year,60,Stayed
33,7,Annual,68,Stayed
9,5,Month-to-Month,35,Churned
47,17,Annual,32,Stayed
46,15,Annual,28,Stayed
19,14,Month-to-Month,48,Stayed
27,6,Month-to-Month,39,Churned
1,10,Annual,36,Churned
34,7,Two-Year,29,Stayed
23,15,Month-to-Month,62,Churned
37,8,Two-Year,32,Stayed
6,4,Two-Year,72,Churned
32,11,Two-Year,19,Stayed
47,15,Two-Year,31,Stayed
21,13,Month-to-Month,47,Churned
11,14,Month-to-Month,27,Stayed
16,11,Month-to-Month,52,Stayed
36,15,Two-Year,33,Stayed
10,9,Annual,32,Stayed
42,13,Two-Year,57,Stayed
28,9,Two-Year,24,Stayed
33,7,Month-to-Month,42,Stayed
46,8,Annual,18,Stayed
22,12,Month-to-Month,40,Stayed
3,8,Annual,39,Churned
42,12,Two-Year,72,Stayed
25,7,Annual,48,Stayed
24,13,Month-to-Month,32,Churned
23,14,Annual,28,Stayed
28,13,Annual,28,Stayed
33,16,Month-to-Month,18,Stayed
47,18,Annual,55,Stayed
41,17,Month-to-Month,72,Stayed
25,12,Month-to-Month,65,Churned
17,11,Two-Year,51,Stayed
27,7,Annual,48,Stayed
16,10,Annual,35,Stayed
10,8,Annual,51,Stayed
5,12,Annual,32,Churned
10,8,Annual,29,Stayed
25,9,Two-Year,46,Stayed
37,15,Two-Year,39,Stayed
27,8,Two-Year,46,Stayed
10,10,Two-Year,42,Stayed
4,6,Annual,43,Churned
44,11,Annual,59,Stayed
4,7,Month-to-Month,27,Churned
30,16,Month-to-Month,71,Stayed
24,7,Month-to-Month,63,Stayed
10,6,Two-Year,21,Churned
12,5,Month-to-Month,52,Stayed
3,4,Month-to-Month,32,Churned
6,12,Two-Year,18,Churned
16,14,Two-Year,25,Stayed
4,13,Two-Year,44,Stayed
1,7,Annual,32,Churned
2,7,Annual,47,Stayed
1,10,Annual,21,Churned
20,9,Two-Year,67,Stayed
27,6,Month-to-Month,18,Churned
24,8,Two-Year,25,Stayed
12,8,Annual,56,Stayed
21,5,Two-Year,65,Stayed
24,6,Annual,55,Churned
35,13,Annual,43,Stayed
9,8,Month-to-Month,24,Churned
45,16,Annual,29,Stayed
13,8,Annual,34,Stayed
21,15,Two-Year,56,Stayed
22,13,Month-to-Month,66,Churned
8,13,Annual,69,Stayed
41,14,Month-to-Month,41,Stayed
8,5,Annual,35,Stayed
39,12,Two-Year,72,Stayed
2,9,Month-to-Month,35,Stayed
41,16,Two-Year,45,Stayed
9,7,Month-to-Month,37,Churned
28,7,Two-Year,32,Stayed
46,13,Month-to-Month,52,Churned
47,10,Annual,47,Stayed
33,11,Month-to-Month,40,Churned
3,6,Month-to-Month,36,Stayed
44,13,Two-Year,46,Stayed
46,9,Month-to-Month,70,Churned
8,12,Annual,68,Stayed
47,10,Annual,59,Stayed
14,14,Annual,32,Stayed
8,7,Two-Year,67,Stayed
26,7,Annual,71,Stayed
9,14,Annual,23,Stayed
42,8,Annual,40,Stayed
10,5,Month-to-Month,52,Churned
27,12,Month-to-Month,21,Stayed
25,6,Annual,49,Stayed
9,5,Month-to-Month,50,Stayed
38,7,Annual,60,Churned
23,14,Annual,61,Stayed
31,8,Month-to-Month,29,Churned
3,7,Month-to-Month,62,Churned
13,9,Month-to-Month,38,Churned
30,11,Two-Year,18,Stayed
33,11,Month-to-Month,32,Churned
32,15,Month-to-Month,50,Stayed
10,12,Annual,26,Churned
25,14,Annual,41,Stayed
2,10,Annual,31,Churned
24,13,Month-to-Month,33,Stayed
26,13,Annual,33,Churned
30,7,Two-Year,58,Stayed
35,15,Annual,66,Stayed
37,12,Month-to-Month,49,Stayed
15,6,Annual,26,Churned
15,6,Two-Year,47,Stayed
26,9,Month-to-Month,60,Stayed
39,14,Month-to-Month,42,Stayed
37,9,Annual,33,Stayed
22,10,Annual,40,Stayed
18,6,Annual,60,Churned
2,9,Month-to-Month,28,Stayed
40,13,Month-to-Month,52,Churned
32,15,Two-Year,44,Stayed
27,7,Two-Year,64,Stayed
34,11,Month-to-Month,66,Stayed
37,12,Annual,19,Churned
46,9,Month-to-Month,56,Stayed
29,15,Month-to-Month,66,Stayed
27,8,Two-Year,54,Churned
32,7,Month-to-Month,48,Stayed
33,7,Two-Year,54,Stayed
38,15,Annual,59,Churned
23,10,Month-to-Month,22,Churned
19,14,Month-to-Month,36,Stayed
27,12,Two-Year,67,Stayed
36,11,Annual,53,Churned
36,12,Two-Year,68,Stayed
11,10,Annual,50,Churned
14,14,Month-to-Month,20,Churned
18,6,Two-Year,26,Stayed
27,9,Two-Year,53,Stayed
43,14,Two-Year,21,Stayed
11,12,Two-Year,36,Stayed
32,7,Month-to-Month,48,Stayed
37,14,Annual,58,Stayed
14,10,Two-Year,71,Stayed
42,15,Annual,44,Stayed
3,4,Month-to-Month,49,Churned
19,13,Annual,66,Stayed
28,12,Two-Year,30,Stayed
5,6,Month-to-Month,22,Stayed
4,12,Two-Year,67,Churned
7,11,Two-Year,45,Stayed
38,10,Month-to-Month,47,Churned
25,11,Two-Year,42,Stayed
10,12,Annual,67,Stayed
17,7,Annual,34,Stayed
26,15,Annual,28,Stayed
5,13,Month-to-Month,58,Churned
25,15,Month-to-Month,29,Churned
18,9,Annual,67,Stayed
19,13,Two-Year,47,Stayed
22,14,Month-to-Month,21,Stayed
30,13,Annual,34,Stayed
22,15,Month-to-Month,50,Churned
13,6,Two-Year,46,Stayed
8,11,Annual,71,Stayed
45,11,Annual,64,Stayed
32,9,Two-Year,37,Stayed
3,4,Month-to-Month,62,Stayed
47,13,Two-Year,42,Stayed
18,9,Two-Year,70,Stayed
21,14,Annual,37,Stayed
3,7,Month-to-Month,37,Stayed
1,5,Two-Year,69,Stayed
31,6,Annual,34,Churned
3,7,Month-to-Month,40,Stayed
20,6,Two-Year,41,Stayed
7,12,Annual,43,Churned
16,13,Annual,43,Stayed
46,10,Two-Year,41,Stayed
13,13,Two-Year,31,Churned
34,10,Annual,69,Stayed
13,14,Two-Year,69,Stayed
5,6,Annual,34,Stayed
17,6,Month-to-Month,25,Churned
10,6,Month-to-Month,45,Churned
10,11,Two-Year,26,Stayed
28,6,Two-Year,47,Stayed
30,9,Two-Year,26,Stayed
18,12,Annual,46,Stayed
15,10,Annual,29,Stayed
2,8,Two-Year,26,Stayed
25,8,Two-Year,60,Stayed
26,8,Two-Year,32,Stayed
19,12,Month-to-Month,32,Churned
29,9,Month-to-Month,66,Stayed
33,10,Annual,61,Stayed
31,9,Annual,53,Stayed
43,10,Annual,18,Stayed
31,16,Two-Year,68,Stayed
28,8,Month-to-Month,32,Stayed
9,8,Month-to-Month,43,Stayed
45,13,Two-Year,66,Stayed
41,12,Month-to-Month,39,Stayed
3,9,Month-to-Month,72,Churned
39,15,Month-to-Month,19,Stayed
32,16,Month-to-Month,68,Stayed
21,5,Annual,48,Stayed
18,10,Month-to-Month,31,Stayed
5,4,Two-Year,43,Churned
21,8,Annual,43,Stayed
22,12,Month-to-Month,54,Stayed
4,13,Month-to-Month,53,Churned
37,8,Two-Year,68,Stayed
22,14,Annual,39,Stayed
47,17,Two-Year,44,Stayed
8,11,Annual,69,Churned
5,11,Two-Year,52,Stayed
9,8,Two-Year,68,Stayed
6,8,Annual,35,Stayed
11,8,Two-Year,33,Stayed
37,7,Month-to-Month,52,Churned
27,7,Two-Year,59,Stayed
20,14,Month-to-Month,69,Churned
4,6,Month-to-Month,27,Churned
35,10,Two-Year,69,Stayed
29,16,Annual,22,Stayed
19,6,Annual,47,Churned
44,12,Month-to-Month,52,Stayed
20,6,Two-Year,59,Churned
37,10,Annual,41,Stayed
47,17,Annual,19,Stayed
2,11,Month-to-Month,34,Stayed
1,12,Two-Year,60,Stayed
3,10,Two-Year,63,Churned
1,12,Annual,55,Churned
37,9,Two-Year,66,Stayed
7,5,Month-to-Month,57,Churned
39,9,Annual,52,Stayed
33,15,Two-Year,62,Stayed
34,7,Month-to-Month,63,Churned
47,11,Annual,62,Stayed
18,13,Two-Year,24,Stayed
2,7,Annual,23,Churned
42,14,Two-Year,52,Stayed
34,10,Month-to-Month,52,Stayed
11,10,Two-Year,63,Stayed
28,7,Month-to-Month,63,Churned
24,9,Month-to-Month,40,Stayed
43,8,Month-to-Month,63,Churned
17,8,Annual,38,Stayed
35,15,Annual,28,Stayed
39,16,Month-to-Month,40,Stayed
26,10,Month-to-Month,49,Stayed
41,7,Annual,71,Churned
26,13,Annual,34,Stayed
23,7,Annual,46,Churned
27,7,Annual,45,Stayed
2,11,Two-Year,70,Stayed
23,12,Two-Year,44,Stayed
39,13,Annual,40,Stayed
39,10,Two-Year,38,Stayed
8,10,Month-to-Month,42,Stayed
23,14,Annual,30,Churned
6,11,Annual,43,Stayed
43,11,Annual,29,Stayed
30,10,Month-to-Month,50,Stayed
40,16,Two-Year,68,Stayed
42,9,Month-to-Month,29,Stayed
37,16,Annual,37,Stayed
46,14,Two-Year,49,Stayed
12,5,Month-to-Month,52,Churned
11,12,Annual,70,Stayed
4,5,Two-Year,21,Churned
26,12,Annual,38,Stayed
3,6,Annual,34,Stayed
18,8,Month-to-Month,34,Stayed
44,9,Annual,67,Stayed
31,10,Month-to-Month,62,Stayed
19,14,Month-to-Month,42,Stayed
5,12,Annual,30,Stayed
18,10,Month-to-Month,67,Churned
41,11,Two-Year,35,Stayed
47,9,Month-to-Month,53,Stayed
27,15,Two-Year,69,Stayed
11,11,Two-Year,70,Stayed
45,17,Two-Year,40,Stayed
44,15,Two-Year,43,Stayed
29,15,Annual,38,Stayed
36,10,Month-to-Month,39,Stayed
10,9,Annual,33,Stayed
16,9,Annual,35,Stayed
28,13,Annual,28,Stayed
45,15,Annual,40,Churned
1,13,Two-Year,68,Stayed
45,13,Annual,72,Stayed
11,11,Annual,51,Stayed
23,6,Annual,67,Churned
19,9,Two-Year,18,Stayed
11,11,Annual,51,Stayed
14,7,Annual,51,Stayed
23,13,Annual,36,Stayed
44,16,Annual,60,Stayed
10,6,Two-Year,45,Stayed
15,10,Annual,37,Stayed
16,8,Two-Year,46,Stayed
25,7,Two-Year,34,Stayed
29,13,Two-Year,39,Stayed
45,9,Month-to-Month,26,Churned
42,10,Two-Year,29,Stayed
22,14,Two-Year,40,Stayed
34,11,Month-to-Month,22,Stayed
37,9,Month-to-Month,72,Stayed
7,8,Month-to-Month,51,Stayed
20,6,Annual,60,Stayed
1,5,Annual,28,Stayed
21,15,Annual,31,Churned
29,7,Annual,38,Stayed
17,5,Two-Year,68,Stayed
44,15,Month-to-Month,69,Churned
31,14,Month-to-Month,58,Stayed
4,5,Month-to-Month,34,Churned
13,10,Month-to-Month,67,Churned
14,5,Two-Year,20,Stayed
37,15,Two-Year,47,Stayed
34,15,Annual,56,Stayed
33,16,Annual,41,Stayed
7,13,Two-Year,44,Churned
21,5,Month-to-Month,32,Churned
14,13,Two-Year,35,Churned
8,14,Month-to-Month,63,Churned
39,13,Two-Year,69,Stayed
29,8,Annual,44,Stayed
37,11,Annual,69,Churned
25,6,Month-to-Month,22,Churned
33,11,Annual,47,Stayed
43,15,Month-to-Month,63,Stayed
21,10,Annual,42,Stayed
18,12,Two-Year,65,Stayed
46,14,Annual,19,Stayed
31,14,Two-Year,67,Stayed
41,13,Month-to-Month,59,Stayed
11,12,Month-to-Month,45,Churned
22,10,Annual,55,Stayed
6,4,Month-to-Month,40,Stayed
33,13,Annual,38,Stayed
5,12,Annual,67,Churned
3,6,Month-to-Month,20,Stayed
11,12,Two-Year,62,Stayed
7,7,Month-to-Month,23,Stayed
16,12,Two-Year,47,Stayed
22,6,Annual,67,Stayed
20,8,Two-Year,22,Stayed
31,12,Annual,55,Stayed
10,10,Annual,38,Stayed
10,12,Annual,51,Stayed
17,12,Month-to-Month,72,Churned
9,7,Month-to-Month,28,Stayed
28,11,Annual,70,Stayed
19,6,Two-Year,48,Stayed
38,7,Annual,48,Stayed
35,16,Annual,68,Stayed
4,9,Two-Year,22,Stayed
5,6,Two-Year,39,Stayed
30,14,Month-to-Month,37,Stayed
41,9,Annual,66,Stayed
18,8,Two-Year,43,Stayed
33,16,Two-Year,69,Stayed
30,6,Month-to-Month,29,Stayed
34,7,Month-to-Month,40,Churned
27,13,Annual,37,Stayed
31,10,Month-to-Month,58,Stayed
5,10,Annual,59,Stayed
13,12,Annual,60,Stayed
16,14,Two-Year,43,Stayed
25,7,Two-Year,35,Churned
28,14,Month-to-Month,64,Stayed
45,12,Annual,60,Churned
19,5,Month-to-Month,50,Churned
46,9,Annual,47,Stayed
15,7,Annual,51,Churned
31,15,Two-Year,42,Stayed
34,10,Two-Year,50,Stayed
41,16,Two-Year,70,Stayed
38,14,Annual,36,Stayed
14,11,Month-to-Month,42,Stayed
8,11,Annual,28,Stayed
5,11,Annual,48,Churned
47,8,Month-to-Month,68,Stayed
19,12,Annual,31,Stayed
7,5,Annual,52,Stayed
32,15,Month-to-Month,66,Stayed
16,14,Annual,58,Stayed
16,11,Two-Year,65,Stayed
11,12,Month-to-Month,28,Stayed
37,10,Two-Year,34,Stayed
41,11,Month-to-Month,59,Stayed
36,8,Two-Year,19,Churned
45,8,Two-Year,53,Stayed
23,14,Month-to-Month,69,Churned
28,11,Annual,51,Churned
42,9,Month-to-Month,62,Stayed
46,17,Two-Year,47,Stayed
13,7,Two-Year,38,Stayed
26,12,Two-Year,57,Stayed
23,6,Annual,27,Stayed
25,9,Two-Year,42,Stayed
14,7,Annual,32,Stayed
25,9,Two-Year,65,Stayed
4,5,Month-to-Month,56,Churned
34,10,Two-Year,55,Stayed
38,9,Two-Year,71,Stayed
13,11,Month-to-Month,59,Churned
9,9,Annual,30,Stayed
38,11,Annual,22,Stayed
27,11,Two-Year,39,Stayed
13,10,Two-Year,20,Stayed
29,14,Month-to-Month,20,Stayed
20,12,Annual,21,Stayed
23,6,Month-to-Month,29,Stayed
31,11,Two-Year,26,Stayed
10,9,Two-Year,33,Stayed
43,17,Annual,40,Stayed
16,13,Month-to-Month,28,Stayed
5,13,Annual,41,Churned
15,13,Annual,41,Stayed
16,12,Two-Year,37,Stayed
13,13,Two-Year,47,Stayed
38,15,Two-Year,49,Stayed
44,10,Month-to-Month,21,Churned
22,9,Month-to-Month,37,Stayed
14,7,Annual,29,Stayed
36,7,Annual,42,Stayed
10,8,Month-to-Month,56,Churned
28,8,Annual,36,Stayed
14,7,Two-Year,49,Stayed
12,10,Annual,24,Stayed
14,14,Annual,18,Stayed
34,11,Annual,31,Stayed
19,7,Annual,48,Stayed
38,9,Annual,51,Stayed
47,12,Two-Year,23,Stayed
24,6,Two-Year,71,Churned
17,5,Month-to-Month,66,Churned
40,9,Month-to-Month,60,Stayed
2,7,Month-to-Month,64,Churned
44,15,Month-to-Month,35,Stayed
41,16,Two-Year,67,Stayed
28,10,Month-to-Month,49,Stayed
34,10,Annual,30,Stayed
7,13,Annual,47,Stayed
32,15,Annual,42,Stayed
37,16,Two-Year,56,Stayed
13,10,Two-Year,30,Stayed
28,6,Annual,71,Stayed
28,10,Annual,35,Stayed
22,14,Two-Year,45,Stayed
21,6,Two-Year,40,Stayed
13,7,Month-to-Month,20,Churned
35,15,Annual,52,Stayed
2,4,Annual,55,Stayed
37,9,Annual,45,Churned
7,6,Month-to-Month,20,Churned
38,13,Annual,63,Churned
28,13,Month-to-Month,25,Churned
12,12,Month-to-Month,56,Stayed
2,12,Two-Year,40,Stayed
5,13,Month-to-Month,41,Churned
45,17,Month-to-Month,29,Stayed
46,8,Month-to-Month,65,Stayed
19,13,Two-Year,20,Stayed
36,7,Month-to-Month,70,Stayed
22,7,Two-Year,55,Churned
11,10,Two-Year,26,Churned
24,5,Two-Year,64,Stayed
19,6,Month-to-Month,25,Churned
46,12,Annual,51,Stayed
15,14,Two-Year,53,Stayed
42,10,Annual,36,Churned
7,13,Annual,19,Stayed
5,4,Month-to-Month,35,Stayed
22,11,Two-Year,20,Stayed
34,7,Month-to-Month,66,Stayed
47,14,Month-to-Month,33,Stayed
16,11,Month-to-Month,27,Churned
8,12,Annual,48,Churned
42,13,Month-to-Month,28,Stayed
40,12,Month-to-Month,51,Churned
21,10,Two-Year,19,Stayed
39,13,Annual,33,Churned
46,10,Month-to-Month,42,Churned
41,15,Two-Year,53,Stayed
41,13,Month-to-Month,27,Stayed
32,7,Two-Year,32,Stayed
41,11,Annual,62,Stayed
24,11,Month-to-Month,56,Stayed
33,14,Month-to-Month,71,Churned
31,11,Annual,72,Churned
42,14,Annual,61,Stayed
6,12,Two-Year,43,Stayed
45,15,Month-to-Month,27,Churned
19,14,Annual,18,Stayed
31,10,Month-to-Month,24,Churned
28,11,Annual,42,Stayed
4,4,Two-Year,60,Stayed
17,6,Two-Year,23,Churned
39,7,Two-Year,66,Stayed
23,10,Month-to-Month,30,Stayed
11,13,Annual,23,Stayed
30,12,Annual,38,Stayed
37,15,Month-to-Month,71,Stayed
3,11,Annual,25,Stayed
29,13,Month-to-Month,66,Stayed
44,17,Annual,22,Stayed
22,13,Month-to-Month,18,Stayed
24,12,Two-Year,67,Stayed
46,12,Annual,44,Stayed
28,12,Two-Year,20,Stayed
3,8,Two-Year,43,Churned
42,8,Two-Year,40,Stayed
13,4,Month-to-Month,40,Churned
31,7,Month-to-Month,26,Stayed
14,9,Annual,46,Stayed
11,7,Two-Year,42,Churned
7,9,Month-to-Month,43,Stayed
22,13,Annual,45,Stayed
38,8,Annual,64,Churned
33,8,Two-Year,44,Stayed
17,12,Annual,72,Churned
25,11,Annual,19,Stayed
2,11,Month-to-Month,25,Churned
45,12,Two-Year,64,Stayed
47,9,Two-Year,40,Stayed
44,11,Two-Year,40,Stayed
11,9,Annual,32,Stayed
25,10,Month-to-Month,58,Churned
1,12,Annual,71,Stayed
26,13,Month-to-Month,19,Churned
41,11,Month-to-Month,19,Stayed
31,12,Month-to-Month,63,Churned
40,9,Month-to-Month,55,Stayed
33,16,Two-Year,52,Stayed
30,10,Month-to-Month,38,Stayed
18,8,Two-Year,47,Stayed
33,8,Annual,53,Stayed
4,11,Month-to-Month,66,Churned
16,7,Annual,23,Churned
45,10,Two-Year,57,Stayed
27,15,Annual,22,Stayed
36,13,Two-Year,51,Stayed
42,8,Two-Year,45,Stayed
10,12,Annual,43,Stayed
17,12,Month-to-Month,65,Stayed
6,6,Month-to-Month,24,Stayed
20,7,Month-to-Month,34,Stayed
4,10,Annual,56,Stayed
15,8,Two-Year,34,Stayed
31,14,Two-Year,18,Stayed
25,12,Annual,67,Stayed
23,10,Two-Year,38,Stayed
36,14,Annual,37,Stayed
41,8,Annual,36,Stayed
30,7,Two-Year,59,Stayed
30,10,Two-Year,46,Stayed
6,6,Month-to-Month,38,Churned
43,11,Month-to-Month,52,Stayed
16,8,Month-to-Month,32,Stayed
31,10,Annual,48,Stayed
14,7,Annual,66,Stayed
38,11,Two-Year,60,Stayed
32,12,Month-to-Month,18,Churned
36,11,Month-to-Month,23,Churned
36,13,Two-Year,72,Stayed
22,7,Annual,43,Stayed
13,13,Month-to-Month,26,Stayed
23,14,Month-to-Month,21,Stayed
8,6,Annual,28,Stayed
6,4,Month-to-Month,54,Churned
17,7,Month-to-Month,26,Stayed
26,7,Annual,33,Stayed
17,13,Month-to-Month,48,Stayed
21,6,Month-to-Month,24,Stayed
30,15,Month-to-Month,28,Stayed
19,13,Annual,61,Churned
13,5,Two-Year,41,Stayed
1,5,Month-to-Month,66,Churned
38,7,Two-Year,66,Stayed
41,10,Two-Year,39,Stayed
3,6,Month-to-Month,52,Churned
7,7,Month-to-Month,33,Churned
47,9,Two-Year,46,Stayed
28,11,Two-Year,47,Stayed
16,5,Month-to-Month,70,Stayed
38,14,Annual,28,Churned
29,9,Month-to-Month,45,Stayed
10,9,Month-to-Month,28,Churned
45,16,Two-Year,48,Stayed
44,11,Month-to-Month,56,Stayed
47,12,Month-to-Month,64,Churned
42,10,Month-to-Month,51,Stayed
38,9,Two-Year,50,Stayed
39,9,Annual,26,Stayed
21,9,Two-Year,20,Stayed
25,15,Annual,24,Churned
23,6,Annual,63,Churned
16,7,Month-to-Month,22,Churned
4,11,Annual,70,Churned
3,4,Month-to-Month,34,Churned
27,15,Month-to-Month,44,Churned
16,9,Month-to-Month,40,Stayed
13,6,Month-to-Month,51,Churned
8,6,Month-to-Month,45,Churned
24,7,Month-to-Month,65,Churned
43,8,Two-Year,36,Stayed
14,12,Month-to-Month,19,Stayed
16,14,Month-to-Month,67,Stayed
6,11,Two-Year,52,Stayed
4,8,Two-Year,61,Churned
47,15,Two-Year,24,Stayed
14,10,Month-to-Month,36,Churned
29,12,Two-Year,34,Stayed
44,14,Two-Year,64,Stayed
1,7,Month-to-Month,49,Churned
29,9,Annual,26,Stayed
46,17,Two-Year,65,Stayed
26,6,Month-to-Month,35,Churned
3,10,Two-Year,36,Churned
11,9,Annual,21,Stayed
5,9,Month-to-Month,23,Churned
39,11,Month-to-Month,55,Churned
30,9,Month-to-Month,19,Churned
33,13,Month-to-Month,37,Stayed
34,11,Two-Year,60,Stayed
10,7,Two-Year,68,Churned
1,7,Annual,56,Churned
42,15,Two-Year,36,Stayed
18,15,Annual,66,Stayed
43,11,Two-Year,22,Stayed
11,11,Month-to-Month,39,Churned
20,11,Month-to-Month,52,Stayed
47,12,Month-to-Month,39,Churned
2,4,Annual,50,Churned
41,13,Two-Year,47,Stayed
9,13,Two-Year,60,Stayed
20,13,Two-Year,48,Stayed
37,9,Month-to-Month,71,Stayed
28,14,Month-to-Month,56,Churned
6,13,Month-to-Month,45,Stayed
23,15,Month-to-Month,20,Stayed
26,9,Two-Year,62,Stayed
30,13,Annual,58,Stayed
11,10,Two-Year,48,Stayed
40,9,Annual,36,Stayed
32,11,Two-Year,55,Stayed
3,7,Month-to-Month,65,Churned
11,7,Two-Year,50,Stayed
5,6,Annual,52,Churned
2,6,Annual,20,Stayed
19,11,Annual,69,Stayed
1,4,Two-Year,61,Stayed
28,7,Month-to-Month,36,Stayed
17,6,Two-Year,38,Stayed
25,8,Month-to-Month,35,Churned
22,6,Two-Year,20,Stayed
10,10,Two-Year,38,Stayed
22,12,Annual,31,Stayed
17,8,Two-Year,43,Stayed
4,7,Month-to-Month,46,Stayed
18,5,Month-to-Month,65,Churned
14,9,Month-to-Month,54,Churned
9,7,Two-Year,57,Stayed
31,9,Annual,57,Stayed
1,10,Annual,57,Stayed
29,12,Annual,18,Churned
19,8,Month-to-Month,55,Stayed
6,6,Month-to-Month,37,Churned
10,8,Two-Year,62,Stayed
26,11,Month-to-Month,25,Churned
21,14,Annual,32,Stayed
44,8,Annual,27,Stayed
31,9,Month-to-Month,23,Stayed
41,16,Month-to-Month,42,Stayed
28,13,Month-to-Month,42,Churned
16,9,Annual,33,Stayed
20,10,Annual,41,Stayed
3,8,Month-to-Month,61,Churned
35,12,Two-Year,35,Stayed
44,13,Annual,45,Stayed
20,15,Two-Year,29,Stayed
8,10,Two-Year,48,Stayed
15,11,Month-to-Month,60,Churned
7,10,Two-Year,50,Stayed
39,11,Month-to-Month,71,Stayed
33,14,Two-Year,68,Stayed
36,16,Month-to-Month,56,Churned
31,6,Month-to-Month,42,Stayed
9,4,Annual,28,Churned
31,8,Month-to-Month,55,Stayed
4,11,Two-Year,65,Stayed
4,4,Two-Year,61,Stayed
9,6,Two-Year,60,Stayed
8,10,Annual,61,Stayed
40,8,Annual,48,Stayed
15,7,Month-to-Month,70,Churned
28,6,Month-to-Month,56,Churned
36,10,Month-to-Month,67,Stayed
41,10,Annual,37,Stayed
10,7,Two-Year,69,Churned
13,10,Month-to-Month,20,Stayed
33,8,Annual,58,Stayed
44,16,Two-Year,50,Stayed
42,17,Month-to-Month,59,Stayed
43,14,Annual,41,Stayed
17,13,Month-to-Month,34,Stayed
28,8,Month-to-Month,54,Stayed
13,5,Month-to-Month,25,Stayed
16,5,Annual,56,Stayed
2,4,Two-Year,44,Stayed
45,11,Two-Year,69,Stayed
37,14,Two-Year,36,Stayed
31,14,Month-to-Month,70,Stayed
35,16,Month-to-Month,40,Stayed
30,10,Month-to-Month,54,Stayed
18,12,Two-Year,37,Stayed
21,8,Annual,30,Stayed
28,6,Month-to-Month,34,Churned
18,10,Two-Year,37,Stayed
9,7,Annual,67,Churned
40,8,Annual,48,Stayed
38,14,Month-to-Month,47,Stayed
1,13,Annual,51,Churned
5,7,Two-Year,52,Churned
22,13,Two-Year,37,Stayed
33,11,Two-Year,28,Stayed
38,11,Two-Year,72,Stayed
44,13,Month-to-Month,22,Stayed
14,7,Two-Year,50,Stayed
40,10,Month-to-Month,38,Stayed
13,7,Two-Year,47,Stayed
46,14,Month-to-Month,61,Churned
1,6,Month-to-Month,20,Stayed
7,4,Annual,26,Churned
4,10,Two-Year,23,Stayed
35,12,Month-to-Month,22,Stayed
18,11,Annual,66,Stayed
40,14,Month-to-Month,59,Stayed
36,11,Month-to-Month,43,Stayed
8,7,Two-Year,34,Churned
13,5,Month-to-Month,34,Stayed
20,9,Two-Year,64,Stayed
32,15,Month-to-Month,28,Stayed
28,7,Month-to-Month,38,Churned
38,8,Two-Year,44,Stayed
41,8,Annual,57,Stayed
2,9,Two-Year,62,Stayed
10,13,Month-to-Month,62,Stayed
47,14,Annual,37,Stayed
33,13,Month-to-Month,49,Churned
43,9,Month-to-Month,29,Churned
22,11,Two-Year,29,Stayed
3,11,Month-to-Month,61,Churned
33,11,Month-to-Month,52,Stayed
23,9,Annual,43,Stayed
15,12,Annual,67,Stayed
40,17,Two-Year,21,Stayed
34,10,Two-Year,54,Stayed
25,6,Two-Year,31,Stayed
41,12,Two-Year,52,Stayed
20,6,Annual,24,Stayed
23,15,Two-Year,66,Stayed
1,11,Two-Year,40,Churned
13,14,Month-to-Month,62,Churned
43,12,Annual,33,Churned
27,12,Month-to-Month,41,Churned
30,8,Two-Year,38,Stayed
21,9,Annual,70,Stayed
40,11,Two-Year,56,Stayed
35,16,Annual,44,Stayed
38,9,Two-Year,54,Stayed
39,8,Month-to-Month,52,Churned
13,11,Annual,33,Stayed
8,8,Annual,30,Stayed
28,12,Month-to-Month,39,Stayed
2,8,Two-Year,64,Stayed
4,5,Two-Year,41,Stayed
36,11,Month-to-Month,27,Stayed
15,9,Month-to-Month,64,Churned
19,6,Annual,19,Stayed
16,8,Month-to-Month,23,Stayed
32,13,Annual,72,Stayed
44,16,Month-to-Month,23,Stayed
26,7,Month-to-Month,25,Churned
47,16,Month-to-Month,59,Stayed
27,12,Month-to-Month,72,Churned
20,12,Two-Year,56,Stayed
39,10,Annual,20,Stayed
13,12,Month-to-Month,44,Stayed
1,8,Two-Year,19,Stayed
19,11,Annual,66,Stayed
4,4,Annual,33,Churned
19,11,Annual,36,Stayed
4,12,Annual,38,Churned
44,11,Two-Year,65,Stayed
38,9,Two-Year,69,Stayed
31,8,Month-to-Month,46,Stayed
46,17,Two-Year,22,Stayed
15,14,Annual,70,Stayed
37,12,Two-Year,67,Stayed
20,9,Annual,26,Stayed
21,9,Annual,48,Churned
16,13,Annual,23,Stayed
7,12,Two-Year,27,Stayed
5,4,Annual,42,Stayed
28,15,Month-to-Month,66,Stayed
45,14,Two-Year,38,Stayed
5,10,Month-to-Month,26,Churned
17,14,Annual,57,Stayed
35,10,Month-to-Month,25,Churned
39,10,Two-Year,20,Stayed
43,13,Month-to-Month,26,Stayed
21,14,Two-Year,55,Stayed
24,15,Month-to-Month,43,Stayed
2,9,Two-Year,47,Stayed
32,11,Two-Year,45,Stayed
17,10,Two-Year,48,Stayed
13,6,Two-Year,24,Stayed
47,14,Two-Year,50,Stayed
30,15,Two-Year,64,Stayed
26,13,Two-Year,27,Stayed
1,6,Month-to-Month,44,Stayed
5,9,Annual,55,Stayed
27,8,Month-to-Month,23,Stayed
33,6,Month-to-Month,34,Stayed
4,11,Month-to-Month,66,Churned
44,12,Two-Year,52,Stayed
28,9,Two-Year,61,Stayed
7,7,Month-to-Month,61,Stayed
19,5,Month-to-Month,21,Churned
22,6,Annual,52,Stayed
23,7,Annual,27,Churned
38,7,Month-to-Month,60,Stayed
6,4,Two-Year,31,Churned
42,13,Annual,61,Stayed
19,6,Month-to-Month,68,Churned
38,11,Month-to-Month,63,Stayed
14,5,Annual,45,Churned
6,5,Annual,50,Stayed
42,12,Annual,61,Stayed
20,5,Month-to-Month,20,Churned
4,8,Two-Year,20,Stayed
10,4,Annual,19,Churned
32,8,Annual,37,Stayed
36,7,Annual,26,Stayed
19,12,Two-Year,54,Stayed
40,11,Annual,40,Stayed
36,7,Month-to-Month,62,Stayed
21,6,Month-to-Month,19,Stayed
28,13,Annual,48,Stayed
21,15,Month-to-Month,54,Stayed
44,8,Two-Year,19,Churned
13,12,Month-to-Month,35,Churned
35,9,Month-to-Month,52,Stayed
27,9,Annual,36,Churned
22,7,Annual,19,Churned
43,13,Month-to-Month,70,Churned
30,10,Two-Year,42,Stayed
42,7,Month-to-Month,56,Stayed
13,4,Two-Year,34,Churned
22,6,Two-Year,34,Stayed
38,15,Two-Year,36,Stayed
23,13,Two-Year,63,Stayed
2,7,Month-to-Month,59,Churned
44,12,Two-Year,29,Stayed
23,13,Two-Year,35,Stayed
22,6,Month-to-Month,18,Stayed
3,13,Two-Year,66,Stayed
36,16,Annual,52,Stayed
2,12,Month-to-Month,69,Churned
2,8,Month-to-Month,67,Churned
37,10,Annual,66,Churned
42,17,Annual,47,Stayed
16,13,Two-Year,56,Stayed
5,12,Annual,62,Stayed
21,6,Month-to-Month,35,Stayed
11,7,Two-Year,41,Stayed
10,14,Month-to-Month,44,Churned
20,13,Month-to-Month,49,Stayed
10,12,Two-Year,54,Churned
9,12,Annual,20,Stayed
33,14,Annual,18,Stayed
34,12,Month-to-Month,63,Stayed
42,9,Month-to-Month,31,Stayed
3,11,Annual,58,Stayed
3,6,Two-Year,18,Stayed
24,6,Annual,45,Stayed
32,15,Two-Year,49,Stayed
37,9,Month-to-Month,55,Stayed
5,12,Month-to-Month,71,Stayed
4,13,Two-Year,46,Stayed
39,9,Two-Year,33,Stayed
43,10,Annual,59,Stayed
15,5,Two-Year,61,Stayed
44,17,Annual,37,Stayed
39,10,Two-Year,44,Stayed
40,12,Two-Year,24,Stayed
39,7,Two-Year,47,Stayed
41,13,Two-Year,37,Stayed
17,5,Annual,41,Churned
14,11,Annual,68,Stayed
25,14,Annual,47,Stayed
7,11,Annual,69,Stayed
5,11,Month-to-Month,32,Churned
21,8,Month-to-Month,58,Stayed
13,12,Month-to-Month,61,Stayed
15,7,Month-to-Month,41,Churned
20,12,Two-Year,42,Stayed
23,14,Annual,53,Stayed
25,6,Two-Year,54,Stayed
2,10,Month-to-Month,53,Stayed
47,11,Two-Year,50,Stayed
17,6,Annual,62,Stayed
43,12,Two-Year,55,Stayed
10,13,Two-Year,49,Stayed
5,11,Annual,65,Stayed
25,11,Annual,57,Stayed
4,9,Annual,60,Churned
35,8,Month-to-Month,26,Stayed
44,8,Annual,45,Stayed
29,6,Month-to-Month,29,Stayed
8,11,Annual,60,Stayed
17,9,Two-Year,63,Stayed
40,11,Two-Year,30,Stayed
15,7,Month-to-Month,24,Churned
44,10,Two-Year,43,Stayed
26,7,Month-to-Month,63,Churned
23,12,Month-to-Month,56,Stayed
20,15,Two-Year,18,Stayed
44,8,Annual,58,Stayed
4,6,Month-to-Month,21,Churned
22,12,Two-Year,18,Churned
21,13,Month-to-Month,44,Churned
11,6,Month-to-Month,57,Churned
26,14,Month-to-Month,50,Stayed
23,9,Month-to-Month,26,Stayed
22,11,Two-Year,38,Stayed
12,12,Month-to-Month,48,Stayed
26,12,Month-to-Month,19,Churned
11,13,Annual,31,Stayed
44,13,Two-Year,48,Stayed
44,16,Two-Year,28,Stayed
17,8,Two-Year,54,Stayed
22,14,Two-Year,69,Stayed
7,8,Annual,70,Churned
12,12,Month-to-Month,71,Churned
7,10,Two-Year,30,Stayed
33,10,Annual,63,Stayed
24,14,Two-Year,54,Stayed
37,7,Annual,58,Stayed
18,6,Annual,39,Stayed
23,11,Two-Year,27,Stayed
39,14,Two-Year,42,Stayed
22,13,Annual,72,Stayed
1,12,Month-to-Month,50,Churned
13,14,Two-Year,20,Stayed
30,7,Annual,70,Stayed
35,8,Annual,23,Churned
43,11,Month-to-Month,34,Churned
36,9,Annual,67,Stayed
12,6,Annual,69,Stayed
18,13,Two-Year,46,Stayed
33,9,Two-Year,30,Stayed
21,15,Two-Year,37,Stayed
47,16,Annual,64,Stayed
36,14,Two-Year,28,Stayed
39,16,Two-Year,64,Stayed
47,12,Annual,61,Stayed
43,16,Two-Year,33,Stayed
7,4,Month-to-Month,18,Stayed
46,10,Month-to-Month,68,Churned
39,9,Two-Year,26,Stayed
31,9,Annual,61,Stayed
38,10,Two-Year,32,Stayed
47,13,Month-to-Month,68,Churned
1,8,Month-to-Month,69,Stayed
34,16,Two-Year,24,Stayed
35,16,Two-Year,52,Stayed
10,9,Month-to-Month,52,Stayed
13,9,Month-to-Month,72,Stayed
11,11,Two-Year,56,Stayed
46,9,Month-to-Month,36,Stayed
32,9,Two-Year,56,Stayed
46,15,Annual,62,Stayed
39,8,Month-to-Month,35,Churned
33,15,Annual,40,Stayed
39,16,Month-to-Month,43,Stayed
45,10,Two-Year,38,Stayed
27,15,Annual,44,Stayed
18,8,Annual,34,Stayed
35,14,Annual,32,Stayed
45,14,Annual,48,Churned
28,9,Two-Year,46,Stayed
25,13,Annual,60,Stayed
46,9,Month-to-Month,49,Churned
10,11,Two-Year,37,Stayed
6,4,Month-to-Month,21,Churned
22,8,Two-Year,55,Stayed
24,7,Annual,59,Churned
38,15,Month-to-Month,25,Stayed
47,9,Two-Year,50,Stayed
27,12,Two-Year,25,Stayed
7,12,Month-to-Month,66,Stayed
24,8,Two-Year,43,Stayed
29,6,Two-Year,47,Stayed
25,6,Annual,39,Stayed
4,10,Two-Year,48,Stayed
15,7,Annual,70,Stayed
32,13,Two-Year,20,Stayed
20,7,Annual,67,Stayed
5,4,Annual,64,Churned
15,8,Month-to-Month,49,Churned
8,7,Annual,20,Churned
22,6,Annual,29,Stayed
47,16,Two-Year,31,Stayed
41,12,Annual,62,Stayed
46,13,Annual,25,Stayed
21,8,Two-Year,42,Stayed
2,13,Two-Year,50,Stayed
13,7,Two-Year,59,Churned
42,13,Annual,63,Stayed
17,5,Annual,20,Stayed
32,7,Annual,23,Churned
31,7,Month-to-Month,43,Churned
30,12,Month-to-Month,66,Stayed
3,8,Month-to-Month,34,Stayed
7,7,Two-Year,46,Stayed
29,6,Two-Year,47,Stayed
1,11,Two-Year,39,Stayed
27,12,Two-Year,46,Stayed
1,6,Month-to-Month,55,Churned
37,7,Annual,29,Stayed
10,7,Month-to-Month,48,Churned
37,13,Two-Year,57,Stayed
46,9,Two-Year,41,Stayed
39,15,Two-Year,21,Churned
11,12,Annual,54,Stayed
43,16,Month-to-Month,30,Stayed
6,9,Annual,46,Stayed
43,12,Month-to-Month,22,Churned
30,15,Month-to-Month,65,Stayed
14,7,Two-Year,45,Stayed
4,13,Annual,40,Churned
27,11,Annual,59,Stayed
27,16,Two-Year,62,Stayed
24,10,Month-to-Month,64,Churned
28,13,Annual,51,Stayed
5,5,Two-Year,58,Stayed
5,6,Two-Year,68,Stayed
34,10,Month-to-Month,47,Churned
22,15,Annual,47,Stayed
43,11,Month-to-Month,66,Churned
4,6,Two-Year,18,Churned
22,11,Two-Year,54,Stayed
37,8,Two-Year,52,Stayed
41,11,Two-Year,47,Stayed
21,9,Two-Year,45,Stayed
5,6,Month-to-Month,52,Churned
37,16,Two-Year,40,Stayed
5,6,Two-Year,55,Churned
43,9,Annual,69,Stayed
36,13,Two-Year,42,Stayed
4,8,Two-Year,44,Stayed
20,11,Annual,52,Stayed
19,6,Month-to-Month,38,Churned
43,14,Month-to-Month,56,Churned
8,7,Month-to-Month,35,Stayed
2,4,Two-Year,34,Stayed
12,11,Annual,18,Stayed
47,9,Annual,70,Stayed
30,8,Month-to-Month,21,Stayed
34,15,Month-to-Month,65,Stayed
21,9,Month-to-Month,59,Stayed
45,12,Annual,27,Stayed
32,14,Month-to-Month,50,Stayed
36,13,Month-to-Month,57,Stayed
23,13,Annual,47,Stayed
5,9,Month-to-Month,22,Churned
1,9,Two-Year,45,Stayed
5,6,Two-Year,54,Stayed
25,10,Month-to-Month,43,Churned
21,10,Annual,35,Stayed
26,10,Month-to-Month,27,Stayed
5,10,Annual,19,Churned
41,9,Annual,50,Stayed
38,10,Two-Year,71,Stayed
43,9,Annual,45,Stayed
12,8,Two-Year,23,Stayed
30,12,Two-Year,48,Stayed
33,13,Two-Year,21,Stayed
24,14,Two-Year,70,Stayed
8,11,Annual,31,Stayed
36,16,Annual,72,Stayed
1,9,Two-Year,71,Stayed
10,9,Annual,51,Stayed
5,9,Two-Year,70,Churned
5,13,Annual,35,Churned
3,9,Annual,52,Stayed
28,15,Annual,38,Stayed
7,9,Two-Year,53,Stayed
42,17,Two-Year,44,Stayed
47,9,Month-to-Month,44,Stayed
15,12,Two-Year,58,Stayed
7,11,Month-to-Month,18,Churned
22,14,Month-to-Month,38,Churned
26,6,Month-to-Month,55,Stayed
16,13,Month-to-Month,39,Churned
18,13,Month-to-Month,37,Churned
38,8,Month-to-Month,43,Stayed
42,12,Two-Year,55,Stayed
45,13,Two-Year,65,Stayed
33,15,Annual,51,Stayed
41,13,Annual,42,Stayed
7,9,Month-to-Month,68,Churned
47,14,Two-Year,27,Stayed
18,10,Two-Year,32,Stayed
30,13,Annual,26,Stayed
28,12,Month-to-Month,64,Stayed
2,6,Annual,46,Churned
12,14,Annual,66,Stayed
28,11,Two-Year,24,Stayed
6,7,Annual,31,Stayed
46,14,Month-to-Month,25,Stayed
20,14,Annual,59,Stayed
38,8,Annual,36,Stayed
23,9,Month-to-Month,69,Stayed
35,9,Two-Year,36,Stayed
30,10,Month-to-Month,52,Stayed
2,10,Month-to-Month,45,Churned
45,10,Annual,68,Stayed
39,11,Two-Year,69,Stayed
7,9,Annual,19,Stayed
38,11,Annual,67,Churned
6,13,Two-Year,67,Stayed
5,8,Two-Year,39,Stayed
35,12,Two-Year,51,Stayed
4,8,Annual,54,Churned
41,15,Two-Year,71,Stayed
46,13,Month-to-Month,23,Stayed
19,11,Month-to-Month,25,Churned
10,13,Annual,71,Stayed
2,11,Annual,46,Stayed
9,9,Month-to-Month,41,Stayed
19,7,Two-Year,40,Stayed
11,8,Two-Year,24,Stayed
38,14,Two-Year,67,Stayed
26,8,Two-Year,18,Stayed
29,13,Annual,58,Churned
18,5,Annual,26,Churned
44,15,Two-Year,50,Stayed
21,8,Two-Year,66,Stayed
21,11,Annual,49,Stayed
17,11,Annual,62,Stayed
18,12,Month-to-Month,29,Churned
47,9,Month-to-Month,56,Stayed
41,8,Annual,21,Stayed
45,11,Month-to-Month,28,Stayed
37,7,Two-Year,55,Stayed
11,12,Two-Year,26,Stayed
37,16,Annual,45,Stayed
43,13,Annual,67,Stayed
11,8,Month-to-Month,59,Churned
40,8,Month-to-Month,45,Churned
12,14,Annual,41,Stayed
21,8,Annual,25,Stayed
7,7,Month-to-Month,69,Churned
15,5,Month-to-Month,27,Churned
14,5,Month-to-Month,54,Churned
34,14,Month-to-Month,32,Stayed
44,15,Annual,19,Stayed
18,10,Month-to-Month,49,Stayed
27,11,Annual,49,Stayed
8,7,Month-to-Month,39,Stayed
35,12,Month-to-Month,40,Stayed
2,8,Two-Year,38,Stayed
13,12,Month-to-Month,36,Churned
38,15,Month-to-Month,29,Stayed
9,10,Annual,55,Stayed
37,15,Annual,22,Stayed
27,14,Two-Year,71,Stayed
39,17,Two-Year,41,Stayed
31,14,Two-Year,24,Stayed
23,11,Month-to-Month,62,Stayed
7,9,Two-Year,47,Stayed
10,10,Annual,64,Stayed
20,6,Annual,46,Churned
23,15,Month-to-Month,46,Churned
41,11,Annual,29,Churned
22,8,Annual,66,Stayed
29,10,Two-Year,46,Stayed
30,7,Month-to-Month,41,Stayed
18,5,Month-to-Month,62,Churned
1,10,Month-to-Month,72,Stayed
18,8,Annual,64,Stayed
26,10,Two-Year,27,Stayed
37,8,Annual,48,Stayed
28,15,Month-to-Month,22,Stayed
12,8,Two-Year,43,Stayed
36,10,Two-Year,28,Stayed
12,9,Annual,29,Churned
46,17,Two-Year,27,Stayed
44,15,Month-to-Month,71,Stayed
40,14,Annual,55,Stayed
42,9,Month-to-Month,21,Stayed
33,12,Month-to-Month,46,Stayed
35,10,Annual,66,Churned
17,5,Annual,19,Stayed
29,9,Two-Year,28,Stayed
9,9,Two-Year,58,Stayed
11,12,Month-to-Month,45,Churned
6,4,Annual,18,Churned
37,8,Annual,53,Stayed
19,11,Month-to-Month,51,Stayed
24,8,Annual,54,Stayed
44,14,Two-Year,60,Stayed
47,13,Annual,19,Stayed
30,8,Month-to-Month,21,Stayed
47,14,Month-to-Month,19,Stayed
8,7,Month-to-Month,22,Churned
47,18,Month-to-Month,22,Stayed
33,16,Annual,28,Stayed
8,10,Annual,39,Stayed
15,10,Annual,23,Stayed
17,11,Month-to-Month,43,Stayed
9,11,Annual,22,Stayed
30,10,Two-Year,40,Stayed
42,8,Annual,20,Stayed
9,13,Two-Year,25,Stayed
20,7,Two-Year,38,Stayed
34,7,Month-to-Month,48,Stayed
41,12,Annual,40,Stayed
9,6,Annual,44,Stayed
14,7,Month-to-Month,69,Stayed
45,14,Annual,20,Churned
24,14,Two-Year,49,Stayed
12,8,Month-to-Month,68,Stayed
20,11,Month-to-Month,36,Stayed
13,12,Two-Year,48,Stayed
38,9,Annual,68,Stayed
12,10,Two-Year,22,Stayed
16,14,Month-to-Month,67,Churned
42,11,Month-to-Month,47,Churned
3,5,Annual,21,Churned
46,16,Two-Year,35,Stayed
47,17,Two-Year,33,Stayed
7,7,Month-to-Month,36,Stayed
12,5,Month-to-Month,35,Stayed
13,7,Annual,39,Stayed
10,11,Annual,28,Stayed
16,5,Month-to-Month,56,Stayed
20,8,Two-Year,32,Stayed
25,12,Two-Year,70,Stayed
38,12,Two-Year,28,Stayed
46,13,Month-to-Month,18,Stayed
26,8,Annual,72,Churned
28,9,Annual,51,Stayed
40,15,Annual,35,Stayed
27,13,Two-Year,71,Stayed
18,6,Annual,59,Stayed
24,14,Month-to-Month,54,Stayed
9,4,Month-to-Month,25,Churned
46,10,Two-Year,22,Stayed
42,14,Month-to-Month,55,Churned
20,6,Annual,40,Churned
9,8,Month-to-Month,33,Stayed
5,7,Two-Year,64,Stayed
18,11,Two-Year,58,Stayed
27,13,Month-to-Month,32,Stayed
41,17,Two-Year,57,Stayed
6,12,Two-Year,25,Stayed
6,10,Two-Year,51,Stayed
2,8,Month-to-Month,58,Stayed
15,11,Two-Year,56,Stayed
43,16,Annual,22,Stayed
9,10,Month-to-Month,52,Churned
22,7,Annual,35,Stayed
15,14,Annual,18,Stayed
27,7,Annual,25,Stayed
26,14,Annual,61,Stayed
47,13,Month-to-Month,19,Churned
27,6,Two-Year,34,Stayed
47,10,Month-to-Month,18,Churned
28,6,Two-Year,51,Stayed
36,9,Two-Year,57,Stayed
26,6,Annual,72,Churned
33,11,Annual,61,Stayed
21,13,Annual,59,Stayed
29,14,Month-to-Month,69,Stayed
19,5,Annual,70,Churned
41,9,Two-Year,60,Stayed
7,11,Month-to-Month,61,Stayed
8,12,Two-Year,31,Stayed
30,14,Annual,50,Stayed
8,5,Two-Year,64,Stayed
24,13,Two-Year,69,Stayed
10,12,Annual,69,Stayed
38,7,Annual,48,Churned
7,13,Annual,19,Stayed
43,10,Two-Year,21,Stayed
1,8,Two-Year,27,Churned
44,10,Month-to-Month,55,Stayed
10,7,Annual,18,Stayed
34,11,Two-Year,40,Stayed
4,8,Two-Year,50,Stayed
25,9,Two-Year,66,Stayed
24,15,Two-Year,56,Stayed
21,13,Month-to-Month,45,Stayed
35,7,Two-Year,35,Churned
37,10,Annual,57,Churned
7,9,Annual,49,Stayed
8,14,Month-to-Month,55,Stayed
1,5,Month-to-Month,35,Churned
17,14,Annual,21,Churned
21,6,Month-to-Month,52,Churned
9,8,Annual,45,Stayed
42,10,Month-to-Month,48,Stayed
44,9,Month-to-Month,29,Churned
12,7,Annual,46,Stayed
27,13,Annual,27,Stayed
6,5,Annual,63,Stayed
41,12,Two-Year,46,Stayed
31,9,Two-Year,32,Stayed
39,9,Annual,18,Stayed
4,10,Annual,67,Stayed
40,13,Two-Year,39,Stayed
30,13,Annual,62,Stayed
17,12,Annual,40,Churned
47,14,Two-Year,57,Stayed
27,12,Month-to-Month,31,Stayed
45,10,Annual,71,Stayed
31,8,Annual,28,Stayed
5,4,Annual,66,Stayed
13,11,Two-Year,48,Stayed
21,6,Month-to-Month,33,Churned
15,5,Two-Year,34,Stayed
25,6,Annual,60,Stayed
3,4,Annual,49,Stayed
33,16,Month-to-Month,29,Stayed
20,11,Two-Year,54,Stayed
32,9,Two-Year,49,Stayed
34,14,Month-to-Month,65,Churned
43,15,Annual,26,Stayed
29,11,Two-Year,66,Stayed
42,15,Month-to-Month,45,Stayed
12,5,Month-to-Month,35,Churned
21,12,Month-to-Month,53,Stayed
36,15,Two-Year,44,Stayed
37,14,Annual,64,Churned
15,12,Month-to-Month,39,Stayed
30,13,Month-to-Month,23,Stayed
18,12,Month-to-Month,63,Stayed
34,13,Two-Year,59,Stayed
39,8,Two-Year,43,Stayed
32,14,Month-to-Month,20,Churned
17,12,Annual,61,Stayed
11,11,Annual,51,Stayed
20,7,Two-Year,68,Stayed
24,14,Month-to-Month,61,Churned
39,15,Two-Year,28,Stayed
29,8,Annual,33,Stayed
16,11,Two-Year,36,Stayed
43,11,Annual,24,Stayed
4,6,Annual,19,Churned
39,14,Two-Year,30,Stayed
27,13,Annual,26,Stayed
28,11,Month-to-Month,71,Stayed
31,6,Annual,39,Churned
23,6,Annual,34,Stayed
2,5,Two-Year,41,Stayed
22,8,Two-Year,71,Stayed
38,9,Month-to-Month,47,Churned
39,10,Two-Year,52,Stayed
31,13,Annual,52,Churned
35,8,Two-Year,72,Churned
8,7,Annual,24,Stayed
28,13,Month-to-Month,71,Stayed
39,8,Month-to-Month,54,Stayed
16,13,Two-Year,27,Stayed
32,12,Month-to-Month,18,Stayed
25,7,Annual,58,Churned
24,8,Two-Year,65,Stayed
15,7,Month-to-Month,30,Stayed
35,11,Two-Year,68,Stayed
17,13,Two-Year,46,Stayed
44,15,Two-Year,24,Stayed
7,9,Annual,47,Stayed
12,9,Annual,64,Stayed
4,12,Annual,37,Stayed
5,7,Annual,69,Stayed
40,16,Month-to-Month,50,Stayed
33,10,Two-Year,70,Stayed
35,16,Annual,21,Churned
39,15,Two-Year,58,Stayed
18,5,Two-Year,43,Stayed
44,9,Annual,52,Stayed
16,7,Two-Year,61,Stayed
1,3,Two-Year,54,Stayed
19,6,Annual,43,Stayed
21,13,Annual,40,Stayed
20,5,Two-Year,25,Churned
41,9,Annual,47,Stayed
11,12,Month-to-Month,60,Churned
43,12,Two-Year,64,Stayed
45,8,Month-to-Month,57,Stayed
47,12,Annual,38,Stayed
27,10,Month-to-Month,63,Churned
24,6,Two-Year,61,Stayed
17,10,Annual,41,Stayed
10,5,Annual,57,Stayed
28,13,Annual,70,Stayed
18,6,Month-to-Month,22,Churned
16,5,Month-to-Month,22,Stayed
7,9,Annual,37,Stayed
10,12,Month-to-Month,62,Stayed
28,11,Annual,30,Stayed
18,12,Two-Year,33,Stayed
3,9,Month-to-Month,24,Stayed
17,13,Annual,56,Stayed
3,8,Month-to-Month,39,Churned
40,13,Month-to-Month,29,Stayed
26,16,Two-Year,25,Stayed
37,10,Two-Year,49,Stayed
25,10,Month-to-Month,37,Stayed
1,10,Month-to-Month,60,Churned
29,11,Annual,72,Stayed
15,6,Month-to-Month,57,Stayed
6,6,Annual,57,Churned
17,8,Two-Year,24,Stayed
22,15,Month-to-Month,35,Stayed
2,9,Two-Year,72,Stayed
28,10,Annual,47,Stayed
9,7,Two-Year,53,Stayed
27,11,Month-to-Month,42,Stayed
43,11,Month-to-Month,24,Stayed
2,9,Month-to-Month,42,Stayed
27,13,Month-to-Month,72,Stayed
19,13,Month-to-Month,23,Churned
30,9,Month-to-Month,35,Stayed
31,10,Annual,61,Stayed
13,7,Annual,62,Stayed
35,7,Two-Year,53,Stayed
21,12,Month-to-Month,69,Churned
8,11,Two-Year,70,Stayed
16,7,Month-to-Month,55,Churned
40,12,Two-Year,61,Stayed
33,7,Annual,20,Stayed
46,16,Month-to-Month,57,Stayed
28,10,Annual,20,Stayed
29,16,Month-to-Month,52,Stayed
44,16,Annual,24,Stayed
9,6,Two-Year,50,Churned
36,8,Month-to-Month,27,Stayed
5,6,Two-Year,64,Churned
44,15,Two-Year,25,Stayed
36,10,Month-to-Month,32,Stayed
33,14,Annual,62,Stayed
15,14,Month-to-Month,29,Churned
3,11,Annual,47,Churned
28,14,Annual,67,Stayed
29,12,Month-to-Month,38,Stayed
45,16,Month-to-Month,37,Stayed
7,11,Annual,29,Stayed
20,7,Month-to-Month,42,Churned
42,17,Two-Year,69,Stayed
14,11,Annual,37,Stayed
17,11,Month-to-Month,44,Stayed
19,14,Two-Year,27,Churned
3,8,Two-Year,37,Churned
18,9,Annual,62,Stayed
19,9,Two-Year,58,Stayed
40,10,Annual,40,Stayed
23,10,Two-Year,56,Stayed
47,16,Month-to-Month,49,Stayed
22,6,Month-to-Month,45,Churned
47,16,Annual,42,Stayed
41,16,Annual,69,Churned
19,13,Annual,21,Churned
3,7,Annual,65,Stayed
7,8,Month-to-Month,65,Churned
10,9,Two-Year,71,Stayed
18,6,Annual,52,Stayed
20,9,Two-Year,49,Stayed
40,12,Two-Year,61,Stayed
29,14,Month-to-Month,62,Stayed
42,13,Month-to-Month,22,Churned
39,14,Annual,18,Stayed
47,14,Two-Year,43,Stayed
44,16,Two-Year,70,Stayed
7,11,Two-Year,45,Stayed
9,12,Annual,39,Stayed
4,9,Month-to-Month,26,Churned
11,14,Annual,21,Churned
40,13,Two-Year,66,Stayed
8,12,Annual,25,Stayed
40,9,Month-to-Month,67,Stayed
42,15,Annual,36,Stayed
21,7,Month-to-Month,30,Stayed
45,10,Annual,66,Stayed
27,14,Two-Year,72,Stayed
12,5,Month-to-Month,65,Stayed
33,7,Month-to-Month,48,Stayed
43,16,Month-to-Month,70,Stayed
28,16,Month-to-Month,30,Stayed
33,16,Two-Year,58,Stayed
31,10,Annual,65,Stayed
6,8,Month-to-Month,21,Stayed
36,9,Two-Year,30,Stayed
10,8,Annual,27,Stayed
38,14,Annual,19,Stayed
25,8,Annual,18,Churned
27,9,Annual,66,Stayed
3,12,Annual,25,Stayed
35,10,Month-to-Month,46,Stayed
38,14,Two-Year,71,Stayed
4,6,Annual,34,Stayed
4,9,Annual,23,Stayed
31,10,Month-to-Month,62,Stayed
18,8,Two-Year,65,Stayed
39,15,Annual,34,Churned
34,7,Month-to-Month,56,Churned
34,15,Annual,35,Churned
4,8,Month-to-Month,53,Stayed
23,8,Month-to-Month,47,Stayed
27,10,Month-to-Month,27,Churned
44,12,Two-Year,52,Stayed
28,8,Month-to-Month,42,Churned
3,9,Two-Year,21,Stayed
8,7,Two-Year,70,Stayed
13,9,Month-to-Month,39,Stayed
27,15,Two-Year,22,Stayed
21,12,Two-Year,34,Stayed
36,9,Two-Year,64,Stayed
41,10,Annual,41,Stayed
28,9,Month-to-Month,70,Stayed
33,12,Month-to-Month,65,Churned
33,13,Annual,24,Churned
30,14,Month-to-Month,47,Stayed
9,9,Annual,40,Churned
14,13,Month-to-Month,55,Churned
30,13,Two-Year,26,Stayed
18,6,Two-Year,62,Stayed
5,9,Two-Year,59,Stayed
9,7,Two-Year,24,Stayed
35,11,Month-to-Month,54,Stayed
46,8,Two-Year,45,Stayed
32,11,Annual,71,Stayed
42,13,Annual,40,Stayed
30,6,Month-to-Month,40,Stayed
9,4,Two-Year,63,Churned
25,6,Two-Year,40,Stayed
24,7,Month-to-Month,55,Churned
27,12,Annual,58,Churned
22,6,Month-to-Month,30,Stayed
37,13,Annual,49,Stayed
20,13,Two-Year,53,Stayed
7,4,Two-Year,42,Stayed
37,9,Month-to-Month,66,Stayed
36,10,Two-Year,33,Stayed
7,13,Annual,61,Churned
8,9,Annual,58,Churned
9,13,Month-to-Month,60,Stayed
38,14,Annual,67,Churned
29,12,Month-to-Month,54,Churned
10,5,Month-to-Month,70,Stayed
4,9,Month-to-Month,31,Churned
39,12,Two-Year,56,Stayed
25,14,Month-to-Month,69,Stayed
22,9,Annual,70,Stayed
13,7,Two-Year,49,Stayed
4,10,Two-Year,26,Churned
1,10,Annual,50,Churned
5,12,Month-to-Month,30,Churned
42,12,Two-Year,37,Stayed
19,13,Month-to-Month,64,Stayed
35,16,Month-to-Month,47,Stayed
12,5,Annual,71,Stayed
43,13,Two-Year,21,Stayed
41,14,Annual,30,Stayed
18,9,Month-to-Month,22,Churned
23,12,Annual,23,Churned
46,15,Month-to-Month,36,Churned
39,9,Month-to-Month,51,Stayed
28,15,Month-to-Month,25,Churned
5,6,Two-Year,63,Stayed
36,8,Two-Year,27,Stayed
24,12,Month-to-Month,25,Churned
38,7,Annual,32,Stayed
39,9,Annual,33,Stayed
35,14,Month-to-Month,20,Churned
13,7,Month-to-Month,25,Churned
36,7,Annual,66,Stayed
4,6,Two-Year,29,Stayed
34,8,Two-Year,69,Stayed
10,14,Two-Year,23,Stayed
32,14,Annual,50,Stayed
35,16,Two-Year,41,Stayed
20,10,Two-Year,65,Stayed
8,11,Annual,31,Stayed
44,12,Month-to-Month,71,Stayed
37,13,Month-to-Month,69,Stayed
20,15,Two-Year,26,Stayed
16,5,Month-to-Month,23,Stayed
12,5,Annual,30,Stayed
35,15,Month-to-Month,42,Stayed
33,7,Annual,39,Stayed
21,6,Annual,24,Churned
31,7,Two-Year,61,Stayed
20,15,Two-Year,66,Stayed
6,5,Annual,27,Stayed
21,6,Two-Year,66,Stayed
32,13,Annual,24,Stayed
38,13,Annual,22,Churned
42,16,Two-Year,18,Stayed
16,8,Two-Year,26,Stayed
43,16,Month-to-Month,44,Stayed
13,9,Annual,33,Stayed
21,6,Annual,18,Stayed
1,11,Two-Year,23,Stayed
39,16,Two-Year,33,Stayed
9,6,Annual,34,Churned
35,8,Two-Year,49,Stayed
21,13,Month-to-Month,33,Stayed
18,11,Month-to-Month,54,Stayed
16,8,Two-Year,68,Stayed
25,9,Annual,35,Churned
9,12,Two-Year,51,Stayed
41,8,Month-to-Month,23,Churned
29,6,Two-Year,64,Churned
41,16,Annual,32,Stayed
24,8,Month-to-Month,52,Stayed
13,7,Annual,69,Stayed
6,4,Annual,31,Stayed
24,7,Annual,45,Churned
11,8,Month-to-Month,49,Churned
16,7,Month-to-Month,68,Churned
1,10,Month-to-Month,42,Stayed
5,4,Month-to-Month,38,Churned
19,8,Month-to-Month,65,Churned
4,4,Two-Year,63,Stayed
16,12,Month-to-Month,22,Churned
14,6,Annual,29,Stayed
10,6,Annual,53,Stayed
38,11,Month-to-Month,46,Stayed
10,12,Month-to-Month,44,Stayed
1,6,Annual,32,Stayed
28,13,Month-to-Month,62,Stayed
47,11,Month-to-Month,55,Stayed
28,12,Month-to-Month,27,Churned
39,12,Annual,57,Stayed
47,11,Month-to-Month,42,Stayed
8,4,Annual,33,Churned
45,10,Month-to-Month,65,Stayed
46,12,Two-Year,69,Stayed
27,6,Annual,29,Churned
5,10,Month-to-Month,65,Stayed
22,5,Annual,60,Stayed
17,8,Two-Year,45,Stayed
22,15,Two-Year,53,Stayed
17,13,Month-to-Month,69,Churned
3,10,Annual,36,Stayed
28,7,Month-to-Month,41,Churned
7,5,Annual,54,Stayed
15,7,Annual,64,Stayed
10,12,Month-to-Month,49,Churned
29,12,Two-Year,31,Stayed
40,11,Month-to-Month,21,Stayed
39,10,Month-to-Month,21,Stayed
16,5,Annual,40,Stayed
38,7,Month-to-Month,45,Churned
42,11,Annual,56,Churned
37,10,Month-to-Month,47,Churned
39,9,Two-Year,63,Stayed
4,6,Annual,30,Churned
1,11,Annual,48,Churned
40,10,Two-Year,46,Stayed
16,10,Month-to-Month,29,Stayed
22,9,Annual,58,Churned
37,8,Two-Year,56,Stayed
27,12,Annual,26,Stayed
11,14,Month-to-Month,30,Churned
22,7,Two-Year,65,Stayed
43,16,Annual,30,Stayed
27,8,Annual,36,Stayed
33,8,Two-Year,62,Stayed
13,7,Two-Year,39,Stayed
15,14,Two-Year,67,Stayed
13,8,Month-to-Month,32,Stayed
29,9,Annual,45,Stayed
12,8,Annual,65,Churned
1,9,Month-to-Month,66,Stayed
17,11,Month-to-Month,20,Stayed
36,13,Annual,53,Stayed
10,9,Annual,34,Stayed
26,13,Month-to-Month,69,Stayed
9,14,Annual,47,Churned
36,9,Two-Year,19,Stayed
6,6,Two-Year,32,Stayed
1,9,Two-Year,51,Stayed
8,8,Two-Year,63,Stayed
29,14,Month-to-Month,36,Stayed
34,9,Month-to-Month,24,Stayed
1,9,Two-Year,21,Churned
42,9,Annual,42,Stayed
19,11,Annual,21,Stayed
28,6,Two-Year,36,Stayed
16,5,Annual,24,Stayed
25,13,Annual,30,Stayed
41,14,Two-Year,72,Stayed
14,10,Two-Year,19,Stayed
36,13,Annual,55,Stayed
11,7,Month-to-Month,59,Stayed
1,4,Two-Year,24,Churned
23,7,Annual,20,Stayed
18,8,Month-to-Month,57,Stayed
33,13,Annual,36,Stayed
32,8,Two-Year,63,Stayed
43,12,Two-Year,42,Stayed
17,13,Two-Year,70,Stayed
46,13,Annual,70,Stayed
33,16,Two-Year,67,Stayed
27,14,Two-Year,37,Stayed
40,7,Two-Year,24,Stayed
17,10,Month-to-Month,71,Churned
30,15,Month-to-Month,51,Churned
29,11,Month-to-Month,67,Stayed
6,5,Annual,61,Stayed
38,13,Two-Year,65,Stayed
10,9,Annual,51,Stayed
25,11,Annual,70,Stayed
42,10,Annual,38,Stayed
26,13,Month-to-Month,72,Stayed
16,14,Two-Year,64,Stayed
21,9,Month-to-Month,71,Stayed
27,12,Month-to-Month,35,Churned
7,9,Annual,21,Stayed
45,8,Month-to-Month,35,Churned
25,9,Month-to-Month,46,Churned
25,13,Two-Year,24,Stayed
20,13,Annual,55,Stayed
23,7,Two-Year,46,Stayed
31,8,Month-to-Month,56,Stayed
47,8,Month-to-Month,44,Stayed
4,12,Annual,61,Churned
18,9,Annual,53,Stayed
37,8,Month-to-Month,49,Stayed
24,11,Two-Year,33,Stayed
14,6,Two-Year,27,Stayed
12,10,Annual,35,Churned
15,13,Month-to-Month,20,Stayed
44,13,Two-Year,60,Stayed
45,10,Month-to-Month,24,Churned
27,11,Two-Year,51,Stayed
7,12,Two-Year,68,Stayed
16,10,Month-to-Month,53,Stayed
2,7,Month-to-Month,19,Churned
23,11,Month-to-Month,60,Stayed
32,16,Month-to-Month,57,Stayed
12,4,Annual,68,Stayed
26,10,Two-Year,60,Stayed
19,6,Annual,29,Churned
30,12,Month-to-Month,30,Stayed
34,13,Month-to-Month,59,Stayed
24,13,Two-Year,19,Stayed
2,9,Month-to-Month,68,Churned
33,14,Annual,52,Stayed
15,9,Annual,50,Stayed
5,7,Two-Year,52,Churned
23,10,Two-Year,27,Stayed
12,8,Two-Year,33,Stayed
28,15,Two-Year,72,Stayed
9,11,Annual,52,Stayed
12,5,Annual,45,Churned
14,9,Annual,33,Stayed
31,13,Month-to-Month,52,Churned
9,4,Month-to-Month,44,Churned
39,11,Month-to-Month,30,Stayed
29,12,Annual,54,Churned
30,15,Month-to-Month,66,Stayed
43,10,Annual,22,Stayed
38,15,Annual,63,Stayed
13,13,Month-to-Month,35,Stayed
7,9,Two-Year,52,Stayed
6,6,Annual,22,Stayed
39,11,Two-Year,55,Stayed
20,13,Annual,57,Churned
39,14,Two-Year,31,Stayed
11,11,Month-to-Month,39,Stayed
26,15,Month-to-Month,60,Stayed
31,9,Annual,36,Stayed
27,12,Month-to-Month,65,Stayed
2,12,Two-Year,40,Stayed
40,14,Annual,46,Stayed
9,6,Two-Year,66,Stayed
40,13,Two-Year,37,Stayed
33,12,Two-Year,60,Stayed
39,7,Month-to-Month,44,Stayed
26,9,Month-to-Month,53,Churned
16,9,Two-Year,43,Stayed
11,4,Annual,20,Stayed
43,15,Two-Year,25,Stayed
29,11,Two-Year,31,Stayed
3,10,Month-to-Month,66,Churned
35,8,Two-Year,45,Stayed
5,12,Month-to-Month,50,Churned
46,16,Annual,65,Stayed
3,12,Two-Year,59,Stayed
6,5,Two-Year,55,Stayed
29,11,Two-Year,24,Stayed
10,5,Two-Year,61,Churned
18,12,Month-to-Month,66,Stayed
40,14,Month-to-Month,33,Stayed
6,10,Month-to-Month,38,Stayed
6,7,Annual,20,Churned
36,9,Month-to-Month,39,Stayed
13,10,Two-Year,21,Stayed
46,16,Two-Year,62,Stayed
45,10,Month-to-Month,22,Stayed
47,9,Two-Year,72,Stayed
26,14,Annual,42,Stayed
40,14,Two-Year,44,Stayed
9,13,Two-Year,55,Stayed
42,15,Month-to-Month,56,Stayed
20,7,Month-to-Month,48,Stayed
2,11,Month-to-Month,62,Churned
5,7,Month-to-Month,30,Churned
38,11,Annual,30,Churned
1,9,Month-to-Month,22,Churned
11,13,Annual,25,Stayed
44,9,Two-Year,29,Stayed
14,5,Two-Year,32,Churned
26,9,Month-to-Month,56,Churned
47,15,Annual,36,Stayed
17,12,Two-Year,33,Stayed
11,13,Month-to-Month,18,Stayed
30,7,Month-to-Month,68,Churned
6,13,Two-Year,21,Stayed
42,10,Month-to-Month,26,Stayed
42,11,Annual,56,Stayed
34,10,Month-to-Month,39,Churned
4,5,Two-Year,45,Churned
6,9,Two-Year,38,Stayed
19,15,Month-to-Month,48,Churned
1,11,Annual,40,Stayed
5,5,Two-Year,18,Churned
34,12,Annual,53,Stayed
27,14,Two-Year,49,Stayed
21,12,Annual,64,Stayed
47,15,Two-Year,52,Stayed
31,9,Two-Year,57,Stayed
13,11,Annual,48,Stayed
20,6,Two-Year,35,Stayed
30,13,Month-to-Month,62,Stayed
31,12,Annual,57,Stayed
24,6,Annual,56,Stayed
11,5,Month-to-Month,30,Churned
37,9,Two-Year,37,Stayed
43,14,Month-to-Month,67,Stayed
36,9,Month-to-Month,58,Churned
36,15,Month-to-Month,68,Stayed
1,10,Month-to-Month,22,Stayed
32,6,Two-Year,46,Stayed
17,11,Annual,33,Stayed
41,9,Two-Year,49,Churned
22,12,Two-Year,21,Stayed
16,13,Two-Year,44,Stayed
8,9,Month-to-Month,38,Churned
27,10,Two-Year,56,Stayed
46,15,Two-Year,66,Stayed
14,9,Two-Year,21,Stayed
41,15,Annual,59,Churned
13,12,Month-to-Month,38,Stayed
40,8,Annual,54,Stayed
10,7,Month-to-Month,57,Churned
9,7,Month-to-Month,24,Churned
37,8,Two-Year,38,Stayed
22,11,Two-Year,71,Stayed
32,12,Annual,48,Stayed
19,15,Month-to-Month,68,Churned
24,14,Month-to-Month,61,Stayed
11,8,Month-to-Month,62,Churned
32,14,Annual,43,Stayed
19,7,Two-Year,31,Churned
3,4,Annual,24,Churned
39,8,Annual,27,Stayed
43,10,Month-to-Month,25,Stayed
36,14,Month-to-Month,43,Stayed
13,9,Two-Year,52,Stayed
15,7,Two-Year,60,Stayed
28,15,Month-to-Month,59,Stayed
2,11,Two-Year,59,Stayed
33,12,Month-to-Month,57,Churned
20,7,Month-to-Month,30,Churned
15,12,Month-to-Month,45,Stayed
5,10,Two-Year,56,Stayed
43,10,Two-Year,65,Stayed
41,10,Annual,27,Stayed
42,9,Month-to-Month,55,Stayed
13,6,Month-to-Month,20,Stayed
4,12,Two-Year,48,Stayed
13,6,Annual,71,Stayed
8,14,Month-to-Month,23,Stayed
45,12,Month-to-Month,40,Stayed
43,14,Month-to-Month,71,Stayed
47,9,Annual,33,Stayed
40,14,Two-Year,45,Stayed
11,13,Month-to-Month,21,Stayed
15,8,Annual,70,Stayed
32,12,Month-to-Month,57,Stayed
6,12,Two-Year,52,Churned
2,5,Two-Year,64,Stayed
30,13,Month-to-Month,65,Churned
17,7,Two-Year,40,Stayed
36,12,Month-to-Month,49,Churned
17,8,Month-to-Month,52,Stayed
37,10,Two-Year,57,Stayed
2,9,Month-to-Month,54,Stayed
24,9,Annual,65,Stayed
2,6,Two-Year,30,Stayed
46,9,Two-Year,43,Stayed
2,11,Month-to-Month,25,Stayed
45,10,Month-to-Month,45,Stayed
34,10,Annual,44,Churned
9,10,Month-to-Month,62,Stayed
19,7,Month-to-Month,29,Churned
32,10,Two-Year,35,Stayed
46,11,Annual,50,Stayed
37,16,Month-to-Month,67,Stayed
19,12,Two-Year,50,Stayed
23,8,Month-to-Month,65,Stayed
44,9,Month-to-Month,67,Stayed
39,14,Month-to-Month,68,Churned
4,6,Two-Year,26,Stayed
12,4,Two-Year,23,Stayed
7,12,Month-to-Month,67,Stayed
27,12,Annual,47,Stayed
23,11,Month-to-Month,20,Churned
46,16,Annual,38,Stayed
34,15,Month-to-Month,27,Stayed
30,15,Two-Year,33,Stayed
25,6,Month-to-Month,64,Stayed
38,13,Month-to-Month,22,Churned
9,6,Annual,33,Stayed
4,6,Two-Year,52,Stayed
32,11,Annual,34,Stayed
1,4,Two-Year,21,Stayed
42,10,Annual,51,Churned
18,13,Month-to-Month,20,Churned
42,15,Annual,57,Stayed
11,7,Two-Year,72,Stayed
42,9,Month-to-Month,18,Stayed
44,12,Two-Year,37,Stayed
39,14,Month-to-Month,71,Churned
40,8,Two-Year,71,Stayed
43,8,Two-Year,61,Stayed
10,5,Two-Year,46,Stayed
8,9,Two-Year,61,Churned
40,13,Annual,41,Churned
27,8,Two-Year,49,Stayed
41,13,Annual,70,Stayed
16,5,Two-Year,64,Stayed
10,7,Month-to-Month,71,Churned
3,5,Month-to-Month,29,Churned
39,14,Month-to-Month,43,Churned
24,6,Annual,35,Stayed
6,10,Month-to-Month,50,Churned
33,13,Two-Year,66,Stayed
14,12,Month-to-Month,58,Stayed
27,8,Annual,23,Churned
14,11,Annual,41,Stayed
30,9,Month-to-Month,30,Churned
41,11,Annual,63,Stayed
5,7,Two-Year,38,Stayed
6,5,Annual,50,Churned
33,16,Annual,55,Stayed
7,13,Annual,25,Stayed
26,6,Two-Year,67,Stayed
31,12,Two-Year,48,Stayed
35,8,Month-to-Month,34,Stayed
43,12,Two-Year,61,Stayed
41,12,Two-Year,33,Stayed
7,10,Annual,34,Stayed
23,6,Annual,65,Churned
21,14,Two-Year,38,Stayed
21,5,Two-Year,71,Stayed
17,7,Month-to-Month,45,Stayed
8,4,Annual,56,Stayed
26,6,Annual,41,Churned
15,12,Annual,70,Stayed
15,6,Annual,30,Churned
7,7,Annual,66,Stayed
47,18,Month-to-Month,32,Stayed
45,15,Two-Year,22,Stayed
44,13,Two-Year,65,Stayed
2,10,Month-to-Month,33,Stayed
2,7,Two-Year,31,Churned
43,17,Two-Year,38,Stayed
26,11,Two-Year,37,Stayed
25,11,Month-to-Month,42,Churned
21,5,Month-to-Month,29,Stayed
29,12,Annual,52,Stayed
39,12,Month-to-Month,29,Stayed
4,12,Two-Year,66,Stayed
46,8,Annual,25,Churned
11,5,Annual,37,Stayed
43,11,Two-Year,59,Stayed
33,13,Two-Year,30,Stayed
15,11,Annual,59,Stayed
11,4,Annual,63,Stayed
36,15,Month-to-Month,52,Churned
45,16,Month-to-Month,25,Stayed
12,10,Month-to-Month,48,Churned
45,9,Annual,63,Stayed
17,7,Annual,31,Stayed
30,8,Two-Year,42,Stayed
35,13,Annual,37,Stayed
32,7,Month-to-Month,66,Churned
25,7,Annual,38,Stayed
3,7,Two-Year,25,Stayed
31,8,Annual,54,Churned
11,9,Two-Year,37,Stayed
10,13,Two-Year,69,Stayed
34,10,Two-Year,68,Stayed
32,14,Two-Year,62,Stayed
37,16,Month-to-Month,24,Churned
41,10,Annual,22,Stayed
4,9,Two-Year,26,Churned
32,9,Two-Year,36,Stayed
37,10,Annual,42,Stayed
9,11,Two-Year,59,Stayed
46,17,Two-Year,68,Stayed
3,6,Two-Year,41,Stayed
30,12,Annual,54,Stayed
41,11,Two-Year,38,Stayed
37,12,Annual,44,Stayed
6,7,Two-Year,59,Churned
47,8,Two-Year,38,Stayed
12,7,Two-Year,30,Stayed
38,12,Annual,23,Stayed
5,10,Two-Year,61,Stayed
22,12,Annual,37,Stayed
29,10,Annual,39,Stayed
15,6,Month-to-Month,23,Stayed
37,10,Month-to-Month,54,Stayed
44,12,Annual,25,Churned
15,14,Month-to-Month,18,Stayed
8,10,Two-Year,23,Stayed
25,11,Annual,54,Stayed
41,8,Annual,63,Stayed
33,12,Annual,71,Stayed
39,9,Month-to-Month,43,Stayed
46,13,Month-to-Month,68,Churned
18,5,Annual,42,Churned
19,10,Month-to-Month,47,Churned
15,11,Annual,24,Stayed
18,13,Two-Year,22,Stayed
45,9,Month-to-Month,39,Stayed
40,14,Annual,66,Stayed
10,8,Annual,26,Stayed
24,6,Month-to-Month,63,Churned
33,9,Two-Year,45,Stayed
10,10,Month-to-Month,63,Stayed
15,5,Month-to-Month,25,Churned
5,8,Two-Year,34,Churned
44,15,Month-to-Month,61,Churned
36,10,Annual,59,Churned
12,10,Two-Year,21,Stayed
5,10,Two-Year,23,Stayed
31,9,Annual,31,Stayed
45,9,Annual,23,Stayed
26,14,Two-Year,40,Stayed
26,7,Month-to-Month,55,Stayed
36,12,Annual,47,Stayed
22,8,Month-to-Month,51,Churned
16,5,Two-Year,54,Stayed
14,9,Two-Year,47,Stayed
16,5,Annual,52,Stayed
22,7,Annual,31,Churned
3,12,Month-to-Month,70,Stayed
10,4,Month-to-Month,57,Stayed
37,7,Two-Year,65,Stayed
32,9,Month-to-Month,37,Churned
31,16,Annual,32,Stayed
19,15,Two-Year,45,Stayed
1,13,Two-Year,40,Churned
12,8,Two-Year,60,Stayed
9,9,Month-to-Month,44,Churned
25,7,Annual,51,Stayed
15,6,Month-to-Month,72,Stayed
26,10,Two-Year,71,Stayed
20,8,Annual,58,Stayed
40,16,Annual,67,Stayed
36,16,Annual,69,Stayed
23,11,Month-to-Month,59,Stayed
43,8,Month-to-Month,37,Stayed
43,11,Two-Year,33,Stayed
20,7,Two-Year,35,Stayed
28,12,Annual,29,Stayed
6,8,Annual,54,Churned
45,10,Month-to-Month,23,Churned
25,11,Month-to-Month,41,Churned
11,12,Month-to-Month,52,Churned
44,12,Month-to-Month,46,Churned
39,16,Month-to-Month,58,Stayed
2,13,Two-Year,27,Stayed
15,14,Annual,67,Stayed
36,9,Two-Year,20,Churned
17,13,Annual,60,Stayed
16,10,Two-Year,39,Stayed
47,10,Month-to-Month,30,Churned
43,17,Annual,26,Churned
33,14,Two-Year,41,Stayed
33,9,Annual,54,Stayed
4,8,Month-to-Month,32,Stayed
14,7,Month-to-Month,65,Stayed
11,7,Annual,50,Stayed
12,11,Month-to-Month,55,Stayed
16,6,Two-Year,23,Stayed
22,14,Month-to-Month,18,Churned
47,11,Month-to-Month,22,Stayed
44,11,Two-Year,63,Stayed
30,16,Annual,68,Stayed
13,14,Month-to-Month,23,Stayed
19,12,Two-Year,19,Stayed
19,6,Two-Year,22,Stayed
10,6,Month-to-Month,71,Stayed
4,11,Month-to-Month,33,Stayed
21,11,Annual,37,Stayed
37,10,Two-Year,25,Churned
8,5,Two-Year,22,Stayed
15,8,Month-to-Month,38,Churned
45,16,Two-Year,57,Stayed
18,15,Annual,59,Stayed
45,8,Month-to-Month,35,Churned
43,15,Month-to-Month,41,Churned
30,7,Two-Year,59,Stayed
11,9,Month-to-Month,65,Stayed
45,13,Two-Year,66,Stayed
34,14,Two-Year,43,Stayed
9,9,Month-to-Month,25,Churned
7,12,Annual,20,Stayed
47,10,Two-Year,51,Stayed
6,10,Two-Year,54,Stayed
9,7,Two-Year,30,Stayed
47,9,Month-to-Month,58,Stayed
8,5,Two-Year,53,Stayed
30,16,Two-Year,29,Stayed
26,13,Month-to-Month,20,Stayed
13,5,Annual,52,Stayed
36,8,Month-to-Month,63,Stayed
22,13,Two-Year,61,Stayed
46,10,Two-Year,69,Stayed
7,6,Month-to-Month,42,Stayed
20,10,Two-Year,56,Stayed
3,10,Two-Year,43,Stayed
31,9,Annual,54,Stayed
3,11,Month-to-Month,45,Churned
40,16,Two-Year,43,Stayed
29,8,Month-to-Month,63,Stayed
10,6,Two-Year,37,Stayed
1,4,Annual,37,Churned
37,8,Month-to-Month,24,Stayed
22,9,Month-to-Month,53,Stayed
5,11,Annual,55,Churned
25,9,Month-to-Month,64,Stayed
40,8,Two-Year,33,Stayed
36,16,Month-to-Month,45,Stayed
31,10,Two-Year,40,Stayed
25,9,Two-Year,34,Stayed
16,11,Annual,43,Stayed
31,7,Month-to-Month,50,Stayed
34,13,Annual,19,Stayed
44,16,Month-to-Month,72,Stayed
15,10,Two-Year,59,Stayed
20,5,Month-to-Month,32,Stayed
35,13,Two-Year,43,Stayed
14,11,Annual,53,Stayed
25,6,Annual,40,Churned
5,13,Annual,60,Stayed
22,12,Two-Year,44,Stayed
27,13,Two-Year,68,Stayed
24,11,Two-Year,48,Stayed
35,12,Month-to-Month,40,Churned
26,7,Annual,33,Churned
35,11,Annual,58,Stayed
36,9,Annual,37,Churned
45,10,Annual,61,Stayed
23,12,Annual,67,Stayed
27,14,Month-to-Month,66,Stayed
47,15,Month-to-Month,32,Churned
3,8,Annual,37,Stayed
10,13,Month-to-Month,45,Churned
7,8,Annual,34,Churned
12,14,Month-to-Month,28,Stayed
4,13,Annual,51,Stayed
35,7,Annual,65,Stayed
24,6,Month-to-Month,54,Churned
22,11,Month-to-Month,36,Stayed
21,9,Two-Year,70,Stayed
45,14,Two-Year,42,Stayed
33,16,Month-to-Month,36,Churned
26,14,Two-Year,41,Stayed
35,8,Month-to-Month,43,Stayed
2,7,Two-Year,33,Stayed
5,9,Two-Year,53,Stayed
5,12,Annual,29,Stayed
1,12,Month-to-Month,27,Churned
21,13,Two-Year,56,Stayed
26,12,Two-Year,46,Stayed
12,10,Annual,63,Churned
47,17,Annual,20,Churned
34,13,Annual,60,Churned
47,9,Two-Year,47,Stayed
34,16,Month-to-Month,49,Stayed
12,13,Month-to-Month,42,Churned
19,14,Annual,18,Churned
28,14,Two-Year,50,Stayed
28,14,Two-Year,30,Stayed
1,11,Month-to-Month,20,Churned
40,14,Month-to-Month,38,Stayed
12,7,Two-Year,64,Stayed
35,14,Two-Year,25,Stayed
13,10,Annual,64,Stayed
13,9,Month-to-Month,56,Churned
34,12,Two-Year,57,Stayed
12,8,Month-to-Month,56,Churned
11,4,Month-to-Month,33,Stayed
32,7,Two-Year,35,Stayed
29,8,Two-Year,43,Stayed
29,8,Month-to-Month,43,Churned
35,11,Annual,69,Stayed
22,14,Month-to-Month,31,Stayed
25,10,Month-to-Month,57,Stayed
9,12,Month-to-Month,63,Stayed
19,9,Two-Year,52,Stayed
41,12,Month-to-Month,46,Stayed
4,5,Two-Year,42,Stayed
36,15,Month-to-Month,66,Stayed
22,10,Annual,40,Stayed
17,13,Month-to-Month,20,Stayed
24,10,Annual,55,Stayed
45,15,Two-Year,45,Stayed
7,6,Two-Year,62,Stayed
36,15,Two-Year,47,Stayed
3,8,Month-to-Month,19,Churned
36,16,Annual,24,Stayed
34,11,Month-to-Month,58,Churned
36,10,Month-to-Month,19,Stayed
44,12,Annual,27,Stayed
36,7,Two-Year,29,Stayed
25,7,Annual,30,Stayed
13,5,Month-to-Month,32,Churned
27,9,Two-Year,46,Stayed
42,17,Two-Year,35,Stayed
33,8,Two-Year,28,Stayed
20,7,Month-to-Month,50,Stayed
45,10,Month-to-Month,20,Stayed
6,10,Month-to-Month,52,Stayed
22,8,Two-Year,72,Stayed
9,12,Month-to-Month,62,Churned
38,10,Annual,30,Churned
35,10,Annual,22,Stayed
10,8,Two-Year,20,Churned
19,10,Two-Year,31,Stayed
39,7,Annual,57,Churned
41,8,Two-Year,68,Stayed
15,13,Month-to-Month,60,Stayed
21,7,Two-Year,55,Churned
33,8,Two-Year,33,Stayed
35,8,Two-Year,50,Stayed
24,8,Two-Year,33,Stayed
22,6,Two-Year,29,Churned
45,15,Annual,19,Churned
45,13,Two-Year,26,Stayed
21,9,Month-to-Month,18,Stayed
41,10,Month-to-Month,50,Stayed
5,7,Month-to-Month,61,Churned
21,9,Two-Year,44,Stayed
31,7,Two-Year,49,Stayed
10,13,Two-Year,45,Stayed
38,11,Annual,19,Stayed
24,10,Two-Year,65,Stayed
19,11,Month-to-Month,68,Churned
35,14,Two-Year,54,Stayed
47,9,Annual,59,Churned
33,9,Annual,69,Stayed
44,12,Annual,53,Stayed
22,6,Month-to-Month,38,Stayed
28,13,Month-to-Month,18,Churned
22,5,Two-Year,71,Stayed
24,7,Month-to-Month,61,Stayed
16,8,Two-Year,65,Stayed
3,11,Two-Year,50,Stayed
39,16,Annual,42,Stayed
27,7,Month-to-Month,50,Churned
42,9,Annual,18,Stayed
41,16,Annual,69,Stayed
31,13,Two-Year,42,Stayed
28,11,Month-to-Month,72,Stayed
33,7,Annual,28,Churned
44,11,Annual,24,Stayed
8,4,Two-Year,53,Stayed
42,15,Two-Year,56,Stayed
28,12,Two-Year,59,Stayed
3,8,Month-to-Month,59,Churned
13,10,Annual,22,Stayed
18,15,Month-to-Month,71,Stayed
23,15,Annual,47,Stayed
45,15,Month-to-Month,39,Stayed
35,14,Annual,29,Stayed
34,16,Two-Year,47,Stayed
39,11,Annual,52,Stayed
39,13,Annual,20,Stayed
30,7,Two-Year,57,Stayed
12,11,Annual,59,Churned
45,17,Two-Year,18,Stayed
31,13,Month-to-Month,34,Stayed
30,15,Two-Year,19,Stayed
41,11,Two-Year,25,Stayed
17,7,Month-to-Month,61,Stayed
40,13,Two-Year,23,Stayed
13,13,Two-Year,64,Stayed
5,5,Annual,52,Stayed
33,15,Month-to-Month,37,Stayed
43,10,Two-Year,65,Stayed
25,11,Month-to-Month,37,Stayed
41,8,Two-Year,61,Stayed
37,7,Month-to-Month,58,Churned
31,13,Two-Year,28,Stayed
12,9,Month-to-Month,18,Stayed
2,6,Two-Year,70,Stayed
47,9,Month-to-Month,64,Churned
46,8,Annual,36,Stayed
9,11,Two-Year,46,Stayed
31,10,Annual,37,Stayed
3,8,Two-Year,28,Churned
20,6,Month-to-Month,67,Stayed
7,5,Two-Year,44,Stayed
36,15,Month-to-Month,49,Stayed
1,7,Annual,25,Churned
20,8,Annual,35,Stayed
23,6,Annual,50,Stayed
15,5,Two-Year,37,Stayed
32,9,Two-Year,33,Stayed
11,7,Annual,38,Stayed
22,14,Two-Year,46,Stayed
24,15,Annual,63,Stayed
41,10,Two-Year,52,Stayed
36,9,Annual,41,Churned
44,8,Two-Year,47,Stayed
15,6,Month-to-Month,63,Churned
4,12,Month-to-Month,21,Churned
23,13,Two-Year,58,Stayed
37,10,Two-Year,41,Stayed
33,7,Month-to-Month,19,Churned
40,8,Two-Year,25,Stayed
30,6,Annual,41,Stayed
12,10,Two-Year,54,Stayed
32,15,Two-Year,60,Stayed
42,15,Annual,51,Stayed
45,10,Annual,30,Churned
11,12,Month-to-Month,61,Stayed
8,7,Month-to-Month,70,Stayed
2,12,Annual,58,Churned
5,10,Annual,64,Churned
38,9,Month-to-Month,25,Stayed
10,12,Month-to-Month,35,Stayed
10,13,Month-to-Month,29,Stayed
1,4,Two-Year,68,Stayed
29,7,Two-Year,41,Stayed
21,12,Two-Year,59,Stayed
29,16,Annual,48,Stayed
43,9,Month-to-Month,48,Churned
41,15,Two-Year,29,Stayed
38,8,Month-to-Month,65,Churned
9,6,Annual,60,Stayed
40,12,Two-Year,72,Stayed
15,9,Annual,54,Stayed
30,11,Two-Year,30,Stayed
44,15,Annual,57,Stayed
41,13,Two-Year,52,Stayed
10,9,Month-to-Month,50,Churned
9,7,Two-Year,38,Stayed
1,4,Month-to-Month,22,Stayed
15,13,Month-to-Month,57,Stayed
7,7,Month-to-Month,36,Churned
41,13,Two-Year,72,Stayed
5,8,Month-to-Month,37,Stayed
13,8,Two-Year,25,Stayed
39,7,Month-to-Month,65,Stayed
40,15,Month-to-Month,52,Churned
37,14,Month-to-Month,61,Stayed
10,7,Two-Year,33,Churned
23,11,Two-Year,63,Stayed
35,8,Two-Year,50,Stayed
17,5,Two-Year,35,Churned
40,12,Month-to-Month,35,Stayed
29,8,Month-to-Month,28,Stayed
4,10,Annual,52,Stayed
26,7,Two-Year,62,Stayed
47,14,Annual,32,Churned
5,4,Annual,41,Stayed
40,13,Two-Year,57,Churned
4,13,Annual,60,Stayed
19,11,Annual,51,Stayed
12,9,Month-to-Month,69,Churned
32,14,Month-to-Month,25,Churned
18,9,Two-Year,56,Stayed
45,10,Annual,24,Churned
17,11,Two-Year,18,Stayed
7,9,Two-Year,65,Stayed
17,7,Two-Year,52,Stayed
47,17,Two-Year,68,Stayed
34,12,Annual,70,Stayed
10,11,Two-Year,36,Stayed
34,11,Annual,38,Stayed
23,14,Month-to-Month,33,Churned
36,15,Month-to-Month,49,Stayed
25,12,Month-to-Month,41,Churned
11,13,Two-Year,31,Stayed
37,7,Two-Year,44,Stayed
21,14,Annual,28,Churned
40,10,Annual,25,Stayed
43,16,Annual,21,Stayed
21,13,Month-to-Month,24,Churned
46,12,Month-to-Month,57,Stayed
47,8,Month-to-Month,42,Churned
32,11,Annual,32,Stayed
9,10,Month-to-Month,55,Stayed
3,6,Month-to-Month,25,Churned
37,10,Two-Year,40,Stayed
36,16,Two-Year,56,Stayed
9,8,Two-Year,60,Stayed
28,7,Month-to-Month,21,Stayed
13,7,Month-to-Month,51,Churned
18,13,Annual,44,Churned
42,8,Month-to-Month,42,Stayed
15,5,Two-Year,22,Stayed
47,8,Two-Year,37,Stayed
15,9,Month-to-Month,31,Churned
2,9,Month-to-Month,20,Churned
28,6,Month-to-Month,27,Stayed
20,13,Month-to-Month,63,Stayed
4,11,Annual,57,Stayed
35,13,Two-Year,72,Stayed
16,13,Two-Year,51,Stayed
3,9,Month-to-Month,21,Churned
41,17,Month-to-Month,64,Churned
11,9,Two-Year,21,Churned
37,11,Month-to-Month,46,Churned
42,12,Annual,45,Stayed
4,13,Month-to-Month,38,Stayed
37,16,Annual,37,Stayed
16,13,Month-to-Month,33,Stayed
47,14,Annual,60,Stayed
3,10,Two-Year,48,Stayed
12,9,Month-to-Month,27,Churned
22,15,Annual,47,Stayed
39,9,Two-Year,69,Stayed
36,15,Month-to-Month,24,Stayed
30,13,Two-Year,57,Stayed
16,13,Two-Year,63,Stayed
10,4,Annual,58,Stayed
23,13,Month-to-Month,66,Churned
35,15,Annual,36,Stayed
14,8,Annual,49,Stayed
35,16,Two-Year,55,Stayed
20,6,Annual,42,Stayed
31,10,Two-Year,57,Stayed
17,11,Two-Year,69,Stayed
22,13,Annual,36,Stayed
1,11,Annual,65,Churned
33,15,Month-to-Month,43,Stayed
21,12,Two-Year,60,Stayed
42,17,Two-Year,59,Stayed
46,9,Two-Year,68,Stayed
15,10,Two-Year,67,Stayed
14,5,Annual,68,Churned
44,8,Two-Year,52,Stayed
19,11,Month-to-Month,63,Churned
27,11,Month-to-Month,29,Stayed
28,9,Two-Year,39,Stayed
7,7,Annual,60,Stayed
47,12,Annual,69,Stayed
1,8,Two-Year,59,Churned
8,12,Month-to-Month,56,Churned
31,14,Month-to-Month,34,Stayed
5,9,Annual,36,Stayed
29,6,Month-to-Month,52,Churned
18,8,Two-Year,36,Stayed
2,4,Annual,41,Churned
33,10,Annual,59,Stayed
18,7,Two-Year,51,Stayed
4,7,Month-to-Month,71,Churned
23,10,Month-to-Month,38,Stayed
47,11,Month-to-Month,56,Stayed
11,10,Two-Year,41,Churned
13,9,Annual,28,Stayed
30,14,Two-Year,69,Stayed
30,13,Annual,41,Churned
6,10,Two-Year,19,Stayed
2,5,Month-to-Month,68,Churned
23,11,Two-Year,41,Stayed
22,7,Annual,72,Churned
22,6,Month-to-Month,44,Churned
35,16,Month-to-Month,50,Stayed
28,9,Two-Year,18,Stayed
12,14,Two-Year,63,Churned
13,6,Two-Year,71,Stayed
42,9,Month-to-Month,37,Churned
4,10,Annual,32,Stayed
3,9,Annual,72,Stayed
45,17,Annual,69,Stayed
32,15,Two-Year,26,Stayed
28,7,Two-Year,21,Stayed
36,9,Month-to-Month,33,Churned
20,14,Two-Year,39,Stayed
9,11,Annual,37,Stayed
36,17,Two-Year,32,Stayed
41,12,Two-Year,19,Stayed
7,12,Month-to-Month,43,Stayed
16,13,Annual,23,Stayed
46,12,Month-to-Month,59,Stayed
12,12,Month-to-Month,18,Stayed
6,6,Annual,43,Stayed
33,7,Annual,21,Stayed
47,9,Month-to-Month,60,Churned
11,9,Month-to-Month,46,Stayed
40,15,Annual,45,Stayed
25,10,Month-to-Month,65,Stayed
39,17,Two-Year,34,Churned
35,9,Two-Year,29,Stayed
42,16,Month-to-Month,72,Stayed
43,11,Annual,54,Stayed
47,16,Annual,49,Stayed
32,12,Two-Year,52,Stayed
26,8,Annual,51,Churned
12,5,Two-Year,60,Stayed
25,12,Month-to-Month,30,Stayed
26,6,Annual,50,Stayed
4,5,Annual,44,Stayed
15,8,Month-to-Month,42,Churned
40,9,Month-to-Month,52,Churned
14,12,Two-Year,57,Stayed
8,5,Two-Year,50,Stayed
45,16,Month-to-Month,68,Churned
11,12,Month-to-Month,52,Stayed
4,8,Month-to-Month,42,Stayed
3,11,Month-to-Month,44,Churned
22,9,Annual,72,Stayed
42,11,Two-Year,61,Stayed
20,9,Two-Year,40,Stayed
2,5,Month-to-Month,49,Churned
26,8,Annual,61,Stayed
9,4,Month-to-Month,31,Churned
40,13,Month-to-Month,64,Churned
25,7,Month-to-Month,45,Churned
24,8,Annual,30,Stayed
9,10,Two-Year,21,Stayed
37,13,Two-Year,35,Stayed
47,10,Annual,58,Stayed
31,15,Annual,61,Stayed
11,5,Month-to-Month,61,Churned
36,16,Two-Year,39,Stayed
3,10,Month-to-Month,49,Stayed
24,8,Month-to-Month,54,Stayed
5,11,Two-Year,29,Stayed
42,14,Annual,31,Stayed
2,8,Two-Year,39,Stayed
7,6,Two-Year,18,Churned
1,3,Annual,40,Stayed
37,9,Month-to-Month,19,Churned
24,6,Two-Year,48,Stayed
16,12,Two-Year,22,Stayed
9,7,Annual,58,Stayed
17,8,Two-Year,24,Stayed
28,8,Month-to-Month,42,Stayed
36,15,Annual,27,Stayed
39,13,Annual,72,Churned
10,12,Month-to-Month,35,Churned
14,12,Two-Year,33,Stayed
24,10,Annual,22,Stayed
45,11,Two-Year,54,Stayed
18,8,Annual,36,Stayed
41,9,Two-Year,30,Stayed
31,8,Annual,22,Stayed
10,7,Annual,35,Stayed
36,11,Two-Year,56,Stayed
7,7,Annual,57,Stayed
42,9,Two-Year,50,Stayed
40,16,Two-Year,18,Stayed
29,7,Annual,24,Churned
46,9,Annual,66,Stayed
20,13,Annual,35,Stayed
25,6,Annual,69,Stayed
23,11,Two-Year,67,Stayed
37,12,Two-Year,64,Stayed
19,7,Annual,40,Stayed
8,6,Two-Year,51,Stayed
29,6,Annual,52,Churned
13,10,Annual,60,Stayed
9,5,Two-Year,71,Stayed
31,9,Two-Year,48,Stayed
3,9,Two-Year,39,Stayed
42,16,Month-to-Month,24,Stayed
37,14,Month-to-Month,58,Churned
46,11,Annual,67,Stayed
11,7,Month-to-Month,33,Churned
25,11,Annual,32,Stayed
22,13,Month-to-Month,33,Churned
44,8,Month-to-Month,20,Churned
3,4,Annual,68,Churned
7,14,Month-to-Month,30,Stayed
15,13,Two-Year,29,Stayed
43,10,Annual,24,Stayed
16,10,Two-Year,50,Stayed
29,11,Two-Year,68,Stayed
40,8,Month-to-Month,62,Stayed
38,15,Month-to-Month,30,Churned
18,13,Month-to-Month,33,Churned
32,12,Two-Year,42,Stayed
25,12,Month-to-Month,63,Stayed
5,4,Two-Year,37,Stayed
18,12,Month-to-Month,58,Stayed
1,7,Two-Year,26,Churned
32,7,Month-to-Month,34,Churned
1,8,Two-Year,59,Stayed
31,8,Month-to-Month,34,Stayed
40,8,Annual,25,Stayed
45,8,Two-Year,29,Stayed
8,13,Annual,47,Churned
33,9,Two-Year,20,Stayed
18,11,Two-Year,60,Stayed
21,12,Month-to-Month,63,Churned
3,4,Two-Year,51,Churned
26,6,Two-Year,21,Stayed
38,9,Two-Year,33,Stayed
20,10,Month-to-Month,61,Stayed
39,12,Month-to-Month,21,Churned
7,5,Two-Year,45,Stayed
41,15,Month-to-Month,48,Stayed
12,14,Two-Year,44,Stayed
40,15,Two-Year,72,Stayed
20,13,Annual,48,Stayed
14,14,Month-to-Month,34,Stayed
37,14,Two-Year,25,Stayed
40,8,Annual,70,Stayed
36,11,Annual,43,Stayed
21,6,Annual,64,Stayed
4,9,Month-to-Month,31,Stayed
34,12,Month-to-Month,56,Stayed
27,11,Two-Year,50,Stayed
19,5,Two-Year,60,Stayed
24,8,Two-Year,65,Stayed
1,5,Two-Year,22,Churned
31,7,Annual,30,Churned
23,13,Annual,48,Stayed
34,12,Annual,38,Churned
47,13,Two-Year,71,Stayed
28,10,Two-Year,62,Stayed
13,9,Annual,18,Stayed
35,11,Month-to-Month,47,Stayed
5,6,Annual,43,Churned
37,15,Month-to-Month,18,Stayed
42,9,Annual,36,Churned
10,14,Two-Year,49,Stayed
37,15,Annual,60,Churned
3,12,Annual,24,Stayed
31,12,Month-to-Month,67,Stayed
23,5,Annual,60,Stayed
15,10,Two-Year,71,Stayed
39,10,Month-to-Month,61,Stayed
35,16,Annual,48,Stayed
23,7,Two-Year,54,Stayed
9,8,Month-to-Month,25,Churned
37,10,Annual,61,Stayed
41,12,Month-to-Month,49,Churned
43,11,Annual,31,Stayed
45,9,Two-Year,62,Stayed
8,7,Annual,69,Stayed
35,12,Two-Year,50,Stayed
7,6,Two-Year,50,Stayed
14,11,Month-to-Month,45,Stayed
25,13,Two-Year,19,Stayed
38,17,Annual,35,Stayed
18,11,Annual,71,Churned
11,13,Annual,42,Stayed
10,7,Annual,18,Churned
9,11,Month-to-Month,70,Stayed
31,9,Month-to-Month,27,Churned
11,5,Annual,29,Stayed
11,5,Annual,50,Stayed
37,8,Two-Year,68,Stayed
33,13,Two-Year,53,Stayed
42,14,Two-Year,58,Stayed
35,7,Annual,53,Stayed
4,8,Month-to-Month,54,Stayed
34,9,Annual,39,Stayed
41,11,Month-to-Month,70,Churned
20,7,Month-to-Month,62,Churned
38,14,Annual,43,Stayed
15,14,Two-Year,48,Stayed
32,8,Two-Year,45,Stayed
28,8,Month-to-Month,43,Stayed
15,5,Annual,41,Stayed
41,11,Two-Year,35,Stayed
28,15,Two-Year,42,Stayed
20,6,Two-Year,71,Stayed
44,10,Two-Year,41,Stayed
8,10,Annual,58,Stayed
16,9,Two-Year,47,Stayed
16,14,Month-to-Month,42,Stayed
16,7,Annual,29,Churned
45,9,Month-to-Month,51,Stayed
41,14,Month-to-Month,35,Stayed
23,15,Month-to-Month,25,Stayed
15,11,Month-to-Month,56,Churned
42,17,Month-to-Month,71,Stayed
9,11,Month-to-Month,22,Churned
21,15,Annual,26,Churned
43,10,Two-Year,50,Stayed
11,10,Annual,65,Stayed
15,7,Month-to-Month,43,Churned
6,13,Two-Year,50,Stayed
36,11,Month-to-Month,51,Churned
27,10,Month-to-Month,53,Stayed
40,16,Two-Year,26,Stayed
19,12,Annual,43,Churned
25,11,Month-to-Month,37,Stayed
5,9,Two-Year,61,Churned
32,12,Month-to-Month,31,Churned
30,6,Month-to-Month,26,Churned
9,6,Two-Year,41,Stayed
21,11,Two-Year,49,Stayed
23,13,Month-to-Month,64,Stayed
20,5,Two-Year,20,Churned
36,10,Month-to-Month,24,Stayed
38,12,Annual,52,Churned
4,8,Annual,42,Stayed
39,17,Two-Year,23,Stayed
8,11,Month-to-Month,30,Stayed
17,11,Month-to-Month,42,Stayed
34,15,Month-to-Month,26,Stayed
45,13,Annual,25,Stayed
38,12,Month-to-Month,18,Stayed
1,12,Two-Year,40,Churned
25,6,Two-Year,21,Stayed
24,12,Month-to-Month,37,Stayed
29,12,Month-to-Month,72,Stayed
38,16,Month-to-Month,47,Stayed
10,6,Two-Year,49,Churned
40,8,Month-to-Month,58,Stayed
23,11,Two-Year,49,Stayed
43,17,Month-to-Month,26,Churned
44,9,Month-to-Month,44,Churned
30,7,Month-to-Month,38,Stayed
33,15,Month-to-Month,45,Stayed
36,15,Month-to-Month,66,Churned
13,5,Month-to-Month,33,Stayed
39,9,Annual,43,Stayed
29,14,Month-to-Month,50,Churned
45,8,Month-to-Month,41,Stayed
25,7,Two-Year,50,Stayed
8,10,Month-to-Month,56,Stayed
32,14,Month-to-Month,36,Stayed
30,9,Two-Year,43,Stayed
1,10,Two-Year,25,Churned
25,14,Two-Year,54,Stayed
22,8,Two-Year,65,Stayed
19,6,Two-Year,22,Stayed
25,11,Two-Year,63,Stayed
14,5,Two-Year,60,Stayed
46,14,Two-Year,27,Stayed
31,15,Two-Year,68,Stayed
20,12,Annual,67,Stayed
41,9,Annual,23,Stayed
45,13,Two-Year,38,Stayed
6,13,Month-to-Month,49,Stayed
34,10,Two-Year,51,Stayed
30,13,Annual,29,Stayed
31,13,Two-Year,27,Stayed
43,11,Month-to-Month,24,Stayed
39,13,Two-Year,49,Stayed
4,12,Annual,54,Stayed
29,15,Month-to-Month,19,Stayed
23,13,Month-to-Month,45,Stayed
12,7,Month-to-Month,41,Stayed
8,6,Two-Year,56,Stayed
6,13,Two-Year,28,Stayed
46,17,Annual,69,Stayed
8,6,Two-Year,38,Stayed
23,15,Two-Year,32,Stayed
42,15,Annual,39,Stayed
26,15,Month-to-Month,36,Churned
17,14,Two-Year,44,Stayed
34,14,Two-Year,20,Stayed
5,12,Month-to-Month,51,Churned
14,13,Two-Year,27,Stayed
19,8,Annual,57,Churned
29,9,Annual,39,Stayed
32,12,Month-to-Month,19,Stayed
19,14,Annual,44,Stayed
24,8,Two-Year,46,Stayed
39,11,Two-Year,47,Stayed
32,13,Month-to-Month,41,Stayed
42,16,Month-to-Month,26,Stayed
9,5,Annual,58,Churned
3,6,Month-to-Month,20,Churned
38,9,Annual,32,Stayed
32,12,Two-Year,44,Stayed
35,15,Two-Year,72,Stayed
26,12,Annual,39,Stayed
17,7,Annual,52,Stayed
43,9,Two-Year,40,Stayed
36,10,Two-Year,30,Stayed
13,13,Two-Year,27,Stayed
45,14,Annual,49,Stayed
9,5,Annual,64,Stayed
22,12,Annual,40,Stayed
22,13,Two-Year,21,Stayed
33,15,Annual,34,Stayed
42,10,Two-Year,52,Stayed
32,10,Annual,47,Stayed
37,9,Two-Year,72,Stayed
16,11,Month-to-Month,33,Churned
6,11,Annual,48,Churned
23,5,Two-Year,39,Stayed
20,7,Month-to-Month,56,Churned
21,9,Two-Year,48,Stayed
1,13,Month-to-Month,21,Stayed
33,11,Two-Year,64,Stayed
27,12,Month-to-Month,52,Churned
21,6,Month-to-Month,67,Churned
41,15,Month-to-Month,47,Churned
24,6,Month-to-Month,62,Stayed
17,13,Annual,65,Stayed
47,16,Annual,48,Stayed
34,11,Two-Year,65,Churned
8,12,Annual,22,Stayed
10,6,Month-to-Month,40,Churned
46,15,Annual,33,Stayed
30,13,Two-Year,58,Stayed
47,11,Annual,64,Stayed
4,10,Annual,20,Stayed
43,15,Month-to-Month,21,Churned
41,12,Two-Year,72,Stayed
13,12,Month-to-Month,54,Churned
19,10,Month-to-Month,65,Stayed
35,9,Month-to-Month,28,Churned
36,11,Two-Year,57,Stayed
27,12,Month-to-Month,59,Churned
38,12,Annual,45,Stayed
31,6,Two-Year,34,Stayed
39,8,Two-Year,20,Stayed
47,16,Two-Year,48,Stayed
32,14,Two-Year,62,Stayed
3,12,Month-to-Month,45,Churned
11,11,Annual,71,Stayed
42,17,Annual,34,Stayed
36,10,Two-Year,27,Stayed
1,8,Two-Year,52,Stayed
36,16,Annual,68,Stayed
39,9,Two-Year,58,Stayed
19,14,Annual,42,Stayed
20,11,Two-Year,38,Stayed
19,11,Annual,49,Churned
35,12,Two-Year,42,Stayed
15,7,Annual,71,Stayed
36,9,Annual,22,Stayed
8,9,Two-Year,24,Stayed
13,11,Annual,30,Stayed
12,9,Annual,18,Stayed
14,13,Two-Year,34,Stayed
1,11,Month-to-Month,27,Churned
36,13,Annual,28,Stayed
44,17,Two-Year,25,Stayed
25,14,Annual,18,Stayed
13,12,Annual,61,Churned
45,8,Annual,46,Churned
39,12,Month-to-Month,30,Stayed
42,11,Two-Year,35,Stayed
37,14,Month-to-Month,51,Stayed
27,11,Month-to-Month,21,Stayed
44,8,Two-Year,44,Stayed
21,12,Annual,38,Stayed
6,9,Two-Year,27,Churned
35,9,Annual,49,Churned
40,15,Month-to-Month,50,Stayed
46,17,Two-Year,21,Stayed
33,10,Annual,72,Churned
43,9,Two-Year,25,Stayed
20,8,Month-to-Month,52,Stayed
38,13,Month-to-Month,19,Churned
6,9,Two-Year,61,Stayed
41,8,Month-to-Month,58,Stayed
22,6,Annual,41,Stayed
26,10,Two-Year,64,Stayed
3,4,Month-to-Month,43,Churned
26,14,Annual,36,Stayed
41,16,Two-Year,43,Stayed
2,8,Two-Year,44,Stayed
28,12,Two-Year,19,Stayed
1,11,Two-Year,46,Stayed
39,11,Month-to-Month,49,Churned
38,16,Month-to-Month,59,Stayed
22,14,Two-Year,67,Stayed
26,12,Two-Year,50,Stayed
36,9,Annual,37,Stayed
4,6,Month-to-Month,61,Churned
32,11,Two-Year,48,Stayed
28,14,Annual,22,Stayed
39,9,Month-to-Month,50,Stayed
29,7,Month-to-Month,24,Churned
4,7,Month-to-Month,65,Churned
15,12,Two-Year,38,Stayed
25,8,Annual,44,Stayed
27,11,Annual,43,Churned
9,4,Two-Year,61,Stayed
34,11,Two-Year,26,Churned
1,3,Month-to-Month,57,Churned
19,13,Month-to-Month,30,Churned
32,14,Two-Year,34,Stayed
19,11,Annual,34,Stayed
9,5,Annual,49,Churned
11,11,Annual,64,Stayed
19,12,Two-Year,70,Stayed
18,12,Two-Year,43,Stayed
26,11,Month-to-Month,55,Churned
9,13,Annual,72,Churned
7,6,Annual,50,Stayed
20,15,Annual,52,Stayed
42,16,Month-to-Month,46,Stayed
42,16,Month-to-Month,48,Stayed
33,10,Month-to-Month,47,Stayed
47,15,Two-Year,22,Stayed
33,11,Annual,69,Stayed
37,16,Month-to-Month,59,Stayed
37,11,Month-to-Month,45,Churned
16,13,Two-Year,62,Stayed
7,5,Two-Year,26,Stayed
3,8,Month-to-Month,31,Stayed
24,6,Annual,67,Stayed
18,5,Month-to-Month,19,Stayed
34,9,Month-to-Month,52,Stayed
29,16,Annual,22,Stayed
16,7,Month-to-Month,32,Stayed
33,16,Annual,61,Stayed
33,7,Two-Year,31,Churned
12,13,Month-to-Month,41,Stayed
4,13,Annual,59,Stayed
41,9,Annual,66,Stayed
22,7,Month-to-Month,31,Stayed
19,8,Month-to-Month,51,Stayed
2,6,Annual,22,Churned
37,9,Month-to-Month,47,Stayed
21,5,Month-to-Month,30,Churned
32,12,Annual,36,Stayed
16,5,Annual,53,Churned
33,12,Two-Year,22,Stayed
47,17,Annual,22,Stayed
30,13,Annual,41,Stayed
38,11,Two-Year,54,Stayed
15,13,Two-Year,29,Stayed
3,8,Two-Year,21,Stayed
26,6,Two-Year,21,Stayed
5,9,Two-Year,71,Stayed
41,8,Month-to-Month,34,Stayed
6,9,Two-Year,52,Churned
24,11,Two-Year,30,Stayed
43,15,Annual,28,Stayed
3,7,Annual,51,Churned
38,9,Annual,38,Stayed
40,14,Two-Year,24,Stayed
11,7,Annual,23,Stayed
6,8,Month-to-Month,44,Churned
35,7,Annual,47,Stayed
29,15,Two-Year,31,Stayed
18,12,Annual,71,Stayed
28,13,Annual,42,Stayed
30,15,Two-Year,48,Stayed
21,15,Annual,69,Stayed
36,9,Month-to-Month,29,Stayed
10,10,Two-Year,33,Stayed
3,13,Annual,27,Churned
35,10,Annual,38,Churned
27,7,Two-Year,60,Stayed
2,7,Month-to-Month,54,Churned
12,9,Two-Year,31,Stayed
18,6,Month-to-Month,59,Stayed
30,11,Month-to-Month,66,Churned
47,14,Annual,50,Churned
44,16,Two-Year,48,Stayed
42,15,Month-to-Month,19,Stayed
9,8,Month-to-Month,69,Churned
11,4,Annual,58,Stayed
22,13,Two-Year,34,Stayed
13,14,Two-Year,34,Stayed
25,9,Annual,19,Stayed
12,9,Month-to-Month,39,Churned
6,8,Month-to-Month,18,Churned
15,9,Annual,45,Stayed
29,13,Two-Year,50,Stayed
9,7,Two-Year,62,Stayed
43,10,Two-Year,20,Stayed
35,8,Month-to-Month,50,Stayed
44,17,Two-Year,30,Stayed
11,7,Two-Year,63,Churned
44,8,Annual,65,Stayed
35,15,Two-Year,34,Stayed
27,14,Annual,20,Churned
9,8,Month-to-Month,58,Stayed
1,10,Two-Year,38,Churned
29,15,Annual,52,Stayed
20,6,Two-Year,48,Stayed
20,9,Month-to-Month,18,Churned
43,8,Two-Year,61,Stayed
22,13,Two-Year,40,Stayed
1,8,Month-to-Month,42,Churned
8,14,Month-to-Month,27,Churned
8,9,Month-to-Month,37,Stayed
33,7,Two-Year,69,Stayed
6,4,Month-to-Month,36,Stayed
2,8,Two-Year,35,Stayed
32,10,Month-to-Month,63,Churned
19,14,Annual,18,Stayed
14,6,Two-Year,19,Churned
33,10,Annual,34,Stayed
25,6,Month-to-Month,36,Churned
40,14,Two-Year,41,Stayed
10,8,Two-Year,56,Stayed
1,5,Annual,71,Churned
